ra,dec,id,name,mag,bv
1.33375,-5.7075,   3, 33    Psc,4.61,1.04
2.097083,29.090556,  15, 21Alp And,2.06,-0.11
2.294583,59.149722,  21, 11Bet Cas,2.27,0.34
2.352917,-45.7475,  25,   Eps Phe,3.88,1.03
2.81625,-15.468056,  33,  6    Cet,4.89,0.49
3.309167,15.183611,  39, 88Gam Peg,2.83,-0.23
3.650833,20.206667,  45, 89Chi Peg,4.8,1.57
3.66,-18.932778,  48,  7    Cet,4.44,1.66
4.272917,38.681667,  63, 24The And,4.61,0.06
4.582083,36.785278,  68, 25Sig And,4.52,0.05
4.857083,-8.823889,  74,  8Iot Cet,3.56,1.22
5.017917,-64.874722,  77,   Zet Tuc,4.23,0.58
6.437917,-77.254167,  98,   Bet Hyi,2.8,0.62
6.570833,-42.306111,  99,   Alp Phe,2.39,1.09
6.550833,-43.68, 100,   Kap Phe,3.94,0.17
6.982083,-33.007222, 105,   Eta Scl,4.81,1.64
7.943333,54.522222, 123, 14Lam Cas,4.73,-0.1
7.854167,-48.803611, 125,   Lam1Phe,4.77,0.02
7.88625,-62.958056, 126,   Bet1Tuc,4.37,-0.07
7.89,-62.965833, 127,   Bet2Tuc,4.54,0.15
8.25,62.931667, 130, 15Kap Cas,4.16,0.14
9.242917,53.896944, 153, 17Zet Cas,3.66,-0.2
9.220417,33.719444, 154, 29Pi  And,4.36,-0.14
9.63875,29.311667, 163, 30Eps And,4.37,0.87
9.832083,30.860833, 165, 31Del And,3.27,1.28
10.127083,56.537222, 168, 18Alp Cas,2.23,1.17
10.51625,50.5125, 179, 19Xi  Cas,4.8,-0.11
10.331667,-46.085, 180,   Mu  Phe,4.59,0.97
10.867083,47.024722, 184, 20Pi  Cas,4.94,0.18
10.8975,-17.986667, 188, 16Bet Cet,2.04,1.02
10.838333,-57.463056, 191,   Eta Phe,4.36,0.0
11.18125,48.284444, 193, 22Omi Cas,4.54,-0.07
11.0475,-10.609444, 194, 17Phi1Cet,4.76,1.01
11.834583,24.267222, 215, 34Zet And,4.06,1.12
12.275,57.815833, 219, 24Eta Cas,3.44,0.57
12.20875,50.968333, 223, 25Nu  Cas,4.89,-0.11
12.170833,7.585, 224, 63Del Psc,4.43,1.5
12.453333,41.078889, 226, 35Nu  And,4.53,-0.15
13.267083,61.124167, 244,HR 244,4.82,0.53
13.252083,-1.144167, 248, 20    Cet,4.77,1.57
13.750417,58.972778, 253, 26Ups1Cas,4.83,1.21
14.177083,60.716667, 264, 27Gam Cas,2.47,-0.15
14.165833,59.181111, 265, 28Ups2Cas,4.63,0.96
14.188333,38.499444, 269, 37Mu  And,3.87,0.13
14.301667,23.4175, 271, 38Eta And,4.42,0.94
14.651667,-29.3575, 280,   Alp Scl,4.31,-0.16
17.18625,86.256944, 285,HR 285,4.25,1.21
15.735833,7.89, 294, 71Eps Psc,4.28,0.96
16.520833,-46.718611, 322,   Bet Phe,3.31,0.89
17.1475,-10.182222, 334, 31Eta Cet,3.45,1.16
17.375833,47.241944, 335, 42Phi And,4.25,-0.07
17.432917,35.620556, 337, 43Bet And,2.06,1.58
17.09625,-55.245833, 338,   Zet Phe,3.92,-0.08
17.775833,55.149722, 343, 33The Cas,4.33,0.17
17.863333,21.034722, 351, 84Chi Psc,4.66,1.03
17.915,30.089722, 352, 83Tau Psc,4.51,1.09
18.437083,24.583611, 360, 85Phi Psc,4.65,1.04
18.79625,-45.531389, 370,   Nu  Phe,4.96,0.58
18.942083,-68.876111, 377,   Kap Tuc,4.86,0.47
20.020417,58.231667, 382, 34Phi Cas,4.98,0.68
19.866667,27.264167, 383, 90Ups Psc,4.76,0.03
20.585,45.528889, 390, 46Xi  And,4.88,1.08
21.483333,68.13, 399, 36Psi Cas,4.74,1.05
21.005833,-8.183333, 402, 45The Cet,3.6,1.06
21.454167,60.235278, 403, 37Del Cas,2.68,0.13
21.405,-14.598889, 412, 46    Cet,4.9,1.23
21.914167,45.406667, 417, 48Ome And,4.83,0.42
37.952917,89.264167, 424,  1Alp UMi,2.02,0.6
22.09125,-43.318333, 429,   Gam Phe,3.41,1.57
22.54625,6.143889, 434, 98Mu  Psc,4.84,1.37
22.870833,15.345833, 437, 99Eta Psc,3.62,0.97
22.812917,-49.072778, 440,   Del Phe,3.95,0.99
23.482917,59.231944, 442, 39Chi Cas,4.71,1.0
24.199167,41.405556, 458, 50Ups And,4.09,0.54
24.498333,48.628333, 464, 51    And,3.57,1.28
24.8375,44.386111, 469, 52Chi And,4.98,0.89
24.42875,-57.236667, 472,   Alp Eri,0.46,-0.16
25.145,40.576944, 477, 53Tau And,4.94,-0.09
25.446667,42.613611, 483,HR 483,4.95,0.62
25.357917,5.4875, 489,106Nu  Psc,4.44,1.36
25.915,50.688611, 496,   Phi Per,4.07,-0.04
25.68125,-3.690278, 500,HR 500,4.99,1.38
26.017083,-15.9375, 509, 52Tau Cet,3.5,0.72
26.348333,9.157778, 510,110Omi Psc,4.26,0.96
27.39625,-10.686389, 531, 53Chi Cet,4.67,0.33
27.865,-10.335, 539, 55Zet Cet,3.73,1.14
28.59875,63.67, 542, 45Eps Cas,3.38,-0.15
28.270417,29.578889, 544,  2Alp Tri,3.41,0.49
28.3825,19.295833, 545,  5Gam1Ari,4.83,
28.3825,19.293611, 546,  5Gam2Ari,4.75,-0.04
29.0,68.685278, 548, 46Ome Cas,4.99,-0.1
28.38875,3.1875, 549,111Xi  Psc,4.62,0.94
28.66,20.808056, 553,  6Bet Ari,2.64,0.13
28.411667,-46.3025, 555,   Psi Phe,4.41,1.59
29.1675,-22.526944, 565, 56    Cet,4.85,1.42
28.989583,-51.608889, 566,   Chi Eri,3.7,0.85
29.482083,23.596111, 569,  9Lam Ari,4.79,0.28
28.73375,-67.647222, 570,   Eta2Hyi,4.69,0.95
29.291667,-47.385, 574,HR 574,4.83,0.88
30.489167,70.906944, 575, 48    Cas,4.54,0.16
30.85875,72.421389, 580, 50    Cas,3.98,-0.01
30.00125,-21.077778, 585, 59Ups Cet,4.0,1.57
29.6925,-61.569722, 591,   Alp Hyi,2.86,0.28
30.511667,2.763611, 596,113Alp Psc,4.33,0.03
30.975,42.329722, 603, 57Gam1And,2.26,1.37
30.977917,42.330833, 604, 57Gam2And,4.84,0.03
31.1225,-29.296944, 612,   Nu  For,4.69,-0.17
31.793333,23.4625, 617, 13Alp Ari,2.0,1.15
32.122083,37.859167, 620, 58    And,4.82,0.12
32.385833,34.987222, 622,  4Bet Tri,3.0,0.14
32.355417,25.939722, 623, 14    Ari,4.98,0.33
33.092917,30.303056, 642,  6    Tri,4.94,0.78
33.305417,44.231667, 643, 60    And,4.83,1.48
33.25,8.846667, 649, 65Xi 1Cet,4.37,0.89
34.263333,34.224167, 660,  8Del Tri,4.87,0.61
34.32875,33.847222, 664,  9Gam Tri,4.01,0.02
34.1275,-51.512222, 674,   Phi Eri,3.56,-0.12
34.83625,-2.9775, 681, 68Omi Cet,3.04,1.42
36.405833,50.278611, 699, 65    And,4.71,1.53
35.437083,-68.659444, 705,   Del Hyi,4.09,0.03
37.266667,67.4025, 707,   Iot Cas,4.52,0.12
36.4875,-12.290556, 708, 72Rho Cet,4.89,-0.03
37.039583,8.46, 718, 73Xi 2Cet,4.28,-0.06
36.74625,-47.703889, 721,   Kap Eri,4.25,-0.14
38.021667,-15.244722, 740, 76Sig Cet,4.75,0.45
38.46125,-28.2325, 749,   Ome For,4.9,-0.05
38.96875,5.593333, 754, 78Nu  Cet,4.86,0.87
39.870833,0.328611, 779, 82Del Cet,4.07,-0.22
39.890833,-11.872222, 781, 83Eps Cet,4.84,0.45
40.562083,40.193889, 788, 12    Per,4.91,0.59
39.95,-42.891667, 789,HR 789,4.75,0.06
40.166667,-39.855556, 794,   Iot Eri,4.11,1.02
41.05,49.228333, 799, 13The Per,4.12,0.49
40.862917,27.707222, 801, 35    Ari,4.66,-0.13
40.825,3.235833, 804, 86Gam Cet,3.47,0.09
39.8975,-68.266944, 806,   Eps Hyi,4.11,-0.06
41.030833,-13.858611, 811, 89Pi  Cet,4.25,-0.14
41.235417,10.114167, 813, 87Mu  Cet,4.27,0.31
41.275833,-18.5725, 818,  1Tau1Eri,4.47,0.48
41.977083,29.247222, 824, 39    Ari,4.51,1.11
42.674167,55.895556, 834, 15Eta Per,3.76,1.68
41.385833,-67.616667, 837,   Zet Hyi,4.84,0.06
42.495833,27.260556, 838, 41    Ari,3.63,-0.1
42.64625,38.318611, 840, 16    Per,4.23,0.34
42.2725,-32.405833, 841,   Bet For,4.46,0.99
42.878333,35.059722, 843, 17    Per,4.53,1.56
42.759583,-21.004167, 850,  2Tau2Eri,4.75,0.91
43.564583,52.7625, 854, 18Tau Per,3.95,0.74
43.470417,-49.890278, 868,HR 868,4.0,2.11
42.61875,-75.066944, 872,   Nu  Hyi,4.75,1.33
44.107083,-8.898056, 874,  3Eta Eri,3.89,1.11
44.690417,39.662778, 879, 22Pi  Per,4.7,0.06
44.765417,35.183056, 882, 24    Per,4.93,1.23
44.802917,21.340278, 887, 48Eps Ari,4.63,0.04
44.802917,21.340278, 888, 48Eps Ari,4.63,0.04
44.92875,8.9075, 896, 91Lam Cet,4.7,-0.12
44.565417,-40.304722, 897,   The1Eri,3.24,0.14
44.567917,-40.304444, 898,   The2Eri,4.35,0.08
44.699167,-64.071389, 909,   Bet Hor,4.99,0.13
45.57,4.089722, 911, 92Alp Cet,2.53,1.64
46.199167,53.506389, 915, 23Gam Per,2.93,0.7
46.385,56.705833, 918,HR 918,4.76,1.02
45.597917,-23.624444, 919, 11Tau3Eri,4.09,0.16
46.294167,38.840278, 921, 25Rho Per,3.39,1.65
47.984583,74.393611, 932,HR 932,4.87,0.02
47.042083,40.955556, 936, 26Bet Per,2.12,-0.05
47.266667,49.613333, 937,   Iot Per,4.05,0.59
47.374167,44.857222, 941, 27Kap Per,3.8,0.98
47.8225,39.611667, 947, 28Ome Per,4.63,1.11
47.9075,19.726667, 951, 57Del Ari,4.35,1.03
48.017917,-28.986944, 963,   Alp For,3.87,0.52
48.725417,21.044444, 972, 58Zet Ari,4.89,-0.01
48.958333,-8.819722, 984, 13Zet Eri,4.8,0.23
49.9975,65.652222, 985,HR 985,4.84,-0.15
49.6825,34.222778, 991,HR 991,4.82,1.49
49.592083,-22.511389, 994, 15    Eri,4.88,0.9
49.840417,3.370278, 996, 96Kap1Cet,4.83,0.68
50.085,29.048333, 999,HR 999,4.47,1.55
50.360417,43.329444,1002, 32    Per,4.95,0.04
49.879167,-21.757778,1003, 16Tau4Eri,3.69,1.62
49.982083,-43.069722,1008,HR1008,4.27,0.71
51.080833,49.861111,1017, 33Alp Per,1.79,0.48
51.203333,9.028889,1030,  1Omi Tau,3.6,0.89
52.012917,49.062778,1034,HR1034,4.98,-0.09
52.267083,59.940278,1035,HR1035,4.21,0.41
51.7925,9.732778,1038,  2Xi  Tau,3.74,-0.09
52.47875,58.878611,1040,HR1040,4.54,0.56
52.342083,49.508889,1044, 34    Per,4.67,-0.09
52.64375,47.995278,1052, 35Sig Per,4.36,1.35
52.718333,12.936667,1066,  5    Tau,4.11,1.12
52.654583,-5.075278,1070, 17    Eri,4.73,-0.09
52.344583,-62.9375,1083,   Kap Ret,4.72,0.4
53.2325,-9.458333,1084, 18Eps Eri,3.73,0.88
54.1225,48.192778,1087, 37Psi Per,4.23,-0.06
53.447083,-21.632778,1088, 19Tau5Eri,4.27,-0.11
54.218333,0.401667,1101, 10    Tau,4.28,0.58
54.27375,-40.274722,1106,HR1106,4.58,1.04
55.73125,47.7875,1122, 39Del Per,3.01,-0.13
55.59375,33.965,1123, 40    Per,4.97,-0.01
56.509583,63.345,1129,HR1129,4.8,0.8
56.079583,32.288333,1131, 38Omi Per,3.83,0.05
55.562083,-31.938333,1134,   Del For,5.0,-0.16
56.298333,42.578611,1135, 41Nu  Per,3.77,0.42
55.812083,-9.763333,1136, 23Del Eri,3.54,0.92
56.21875,24.113333,1142, 17    Tau,3.7,-0.11
55.70875,-37.313611,1143,HR1143,4.59,1.2
56.302083,24.467222,1145, 19    Tau,4.3,-0.11
57.589583,71.332222,1148,   Gam Cam,4.63,0.03
56.456667,24.367778,1149, 20    Tau,3.87,-0.07
57.38,65.526111,1155,HR1155,4.47,1.88
56.581667,23.948333,1156, 23    Tau,4.18,-0.06
56.535417,-12.101667,1162, 26Pi  Eri,4.42,1.63
56.87125,24.105,1165, 25Eta Tau,2.87,-0.09
56.712083,-23.249722,1173, 27Tau6Eri,4.23,0.42
56.05,-64.806944,1175,   Bet Ret,3.85,1.13
57.290417,24.053333,1178, 27    Tau,3.63,-0.09
57.149583,-37.620556,1190,HR1190,4.73,-0.03
57.36375,-36.200278,1195,HR1195,4.17,0.95
58.532917,31.883611,1203, 44Zet Per,2.85,0.12
59.284583,61.108889,1205,HR1205,5.0,1.45
56.809583,-74.238889,1208,   Gam Hyi,3.24,1.62
58.572917,-2.954722,1212, 32    Eri,4.79,0.94
58.4275,-24.6125,1213, 33Tau8Eri,4.65,-0.13
59.463333,40.010278,1220, 45Eps Per,2.89,-0.18
59.74125,35.791111,1228, 46Xi  Per,4.04,0.01
59.5075,-13.508611,1231, 34Gam Eri,2.95,1.59
60.17,12.490278,1239, 35Lam Tau,3.47,-0.12
59.98125,-24.016389,1240, 36Tau9Eri,4.66,-0.13
59.68625,-61.400278,1247,   Del Ret,4.56,1.62
60.789167,5.989167,1251, 38Nu  Tau,3.91,0.03
61.17375,22.081944,1256, 37    Tau,4.36,1.07
61.645833,50.351389,1261, 47Lam Per,4.29,0.02
60.224167,-62.159444,1264,   Gam Ret,4.51,1.65
60.325833,-61.078889,1266,   Iot Ret,4.97,1.42
62.165417,47.7125,1273, 48    Per,4.04,-0.03
62.96625,-6.8375,1298, 38Omi1Eri,4.04,0.33
62.710833,-41.993611,1302,   Del Hor,4.93,0.33
63.724583,48.409444,1303, 51Mu  Per,4.14,0.95
63.722083,40.483611,1306, 52    Per,4.71,1.01
63.485,9.263611,1311, 47    Tau,4.84,0.8
63.59875,-10.256389,1318, 39    Eri,4.87,1.17
63.88375,8.892222,1320, 49Mu  Tau,4.29,-0.06
64.560833,50.295556,1324,HR1324,4.61,0.04
63.817917,-7.652778,1325, 40Omi2Eri,4.43,0.82
63.500417,-42.294444,1326,   Alp Hor,3.86,1.1
64.315,20.578611,1329, 50Ome2Tau,4.94,0.26
63.60625,-62.473889,1336,   Alp Ret,3.35,0.91
64.006667,-51.486667,1338,   Gam Dor,4.25,0.3
65.1025,34.566667,1343, 54    Per,4.93,0.94
64.948333,15.6275,1346, 54Gam Tau,3.65,0.99
64.47375,-33.798333,1347, 41Ups4Eri,3.56,-0.12
65.08875,27.350833,1348, 52Phi Tau,4.95,1.15
65.388333,46.498889,1350, 53    Per,4.85,-0.03
64.120417,-59.301944,1355,   Eps Ret,4.44,1.08
65.73375,17.5425,1373, 61Del1Tau,3.76,0.98
66.024167,17.443889,1380, 64Del2Tau,4.8,0.15
66.342083,22.293889,1387, 65Kap1Tau,4.22,0.13
66.3725,17.928056,1389, 68Del3Tau,4.29,0.05
66.577083,22.813611,1392, 69Ups Tau,4.28,0.26
66.009167,-34.016944,1393, 43    Eri,3.96,1.49
66.586667,15.618333,1394, 71    Tau,4.49,0.25
66.651667,14.713611,1396, 73Pi  Tau,4.69,0.98
67.11,16.359722,1407, 75    Tau,4.97,1.13
67.154167,19.180278,1409, 74Eps Tau,3.53,1.01
67.14375,15.962222,1411, 77The1Tau,3.84,0.95
67.165417,15.870833,1412, 78The2Tau,3.4,0.18
67.640417,16.193889,1427,HR1427,4.78,0.17
67.969583,-0.043889,1437, 45    Eri,4.91,1.32
68.462083,14.844444,1444, 86Rho Tau,4.65,0.25
68.3775,-29.766667,1453, 50Ups1Eri,4.51,0.98
69.1725,41.264722,1454, 58    Per,4.25,1.22
68.98,16.509167,1457, 87Alp Tau,0.85,1.54
68.91375,10.160833,1458, 88    Tau,4.25,0.18
69.079583,-3.3525,1463, 48Nu  Eri,3.93,-0.21
68.8875,-30.562222,1464, 52Ups2Eri,3.82,0.98
68.499167,-55.045,1465,   Alp Dor,3.27,-0.1
69.539583,12.510833,1473, 90    Tau,4.27,0.12
69.81875,15.918056,1479, 92Sig2Tau,4.69,0.15
69.545,-14.303889,1481, 53    Eri,3.87,1.09
70.110417,-19.671667,1496, 54    Eri,4.32,1.61
70.56125,22.956944,1497, 94Tau Tau,4.28,-0.13
70.140417,-41.863889,1502,   Alp Cae,4.45,0.34
71.375417,-3.254722,1520, 57Mu  Eri,4.02,-0.15
72.4775,37.488333,1533,HR1533,4.88,1.44
73.5125,66.342778,1542,  9Alp Cam,4.29,0.03
72.46,6.961389,1543,  1Pi 3Ori,3.19,0.45
72.652917,8.900278,1544,  2Pi 2Ori,4.36,0.01
73.158333,36.703056,1551,  2    Aur,4.78,1.41
72.801667,5.605,1552,  3Pi 4Ori,3.69,-0.17
73.133333,14.250556,1556,  4Omi1Ori,4.74,1.84
73.22375,-5.452778,1560, 61Ome Eri,4.39,0.25
73.562917,2.440556,1567,  8Pi 5Ori,3.72,-0.18
74.321667,53.752222,1568,  7    Cam,4.47,-0.02
73.724167,10.150833,1570,  7Pi 1Ori,4.65,0.09
74.248333,33.166111,1577,  3Iot Aur,2.69,1.53
74.092917,13.514444,1580,  9Omi2Ori,4.07,1.15
74.814167,37.890278,1592,  4Ome Aur,4.94,0.04
74.637083,1.714167,1601, 10Pi 6Ori,4.47,1.4
75.854583,60.442222,1603, 10Bet Cam,4.03,0.92
75.492083,43.823333,1605,  7Eps Aur,2.99,0.54
74.9825,-12.5375,1611, 64    Eri,4.79,0.26
75.619583,41.075833,1612,  8Zet Aur,3.75,1.22
75.359583,-7.173889,1617, 65Psi Eri,4.81,-0.19
75.77375,21.59,1620,102Iot Tau,4.64,0.16
75.356667,-20.051944,1621,HR1621,4.91,-0.05
76.669167,51.597778,1637,  9    Aur,5.0,0.33
76.142083,15.404167,1638, 11    Ori,4.68,-0.06
76.62875,41.234444,1641, 10Eta Aur,3.17,-0.18
76.101667,-35.483333,1652,   Gam1Cae,4.55,1.2
76.365417,-22.371111,1654,  2Eps Lep,3.19,1.46
76.8625,18.645,1656,104    Tau,5.0,0.65
76.9625,-5.086389,1666, 67Bet Eri,2.79,0.13
76.3775,-57.472778,1674,   Zet Dor,4.72,0.52
77.425,15.597222,1676, 15    Ori,4.82,0.32
77.286667,-8.754167,1679, 69Lam Eri,4.27,-0.19
78.357083,38.484444,1689, 11Mu  Aur,4.86,0.18
78.074583,-11.869167,1696,  3Iot Lep,4.45,-0.1
78.322917,2.861111,1698, 17Rho Ori,4.46,1.19
78.232917,-16.205556,1702,  5Mu  Lep,3.31,-0.11
78.307917,-12.941389,1705,  4Kap Lep,4.36,-0.1
79.1725,45.998056,1708, 13Alp Aur,0.08,0.8
78.634583,-8.201667,1713, 19Bet Ori,0.12,-0.03
79.544583,33.371667,1726, 16    Aur,4.54,1.27
79.785417,40.099167,1729, 15Lam Aur,4.71,0.63
79.401667,-6.844444,1735, 20Tau Ori,3.6,-0.11
79.819167,22.096389,1739,109    Tau,4.94,0.93
79.37125,-34.895278,1743,   Omi Col,4.83,1.0
78.439167,-67.185278,1744,   The Dor,4.83,1.28
79.89375,-13.176667,1756,  6Lam Lep,4.29,-0.26
80.112083,-21.239444,1762,HR1762,4.71,-0.05
80.440417,-0.3825,1765, 22    Ori,4.73,-0.17
80.708333,3.544444,1770, 23    Ori,5.0,-0.15
81.163333,37.385556,1773, 21Sig Aur,4.99,1.42
81.105833,17.383333,1780,111    Tau,4.99,0.53
80.986667,-7.808056,1784, 29    Ori,4.14,0.96
81.119167,-2.396944,1788, 28Eta Ori,3.36,-0.17
81.186667,1.846389,1789, 25Psi1Ori,4.95,-0.2
81.282917,6.349722,1790, 24Gam Ori,1.64,-0.22
81.572917,28.6075,1791,112Bet Tau,1.65,-0.13
81.90875,21.936944,1810,114    Tau,4.88,-0.15
81.709167,3.095556,1811, 30Psi2Ori,4.59,-0.21
82.06125,-20.759444,1829,  9Bet Lep,2.84,0.82
82.433333,-1.092222,1834, 31    Ori,4.71,1.57
82.69625,5.948056,1839, 32    Ori,4.2,-0.14
83.182083,32.191944,1843, 25Chi Aur,4.76,0.34
83.053333,18.594444,1845,119    Tau,4.38,2.07
83.001667,-0.299167,1852, 34Del Ori,2.23,-0.22
82.9825,-7.301389,1855, 36Ups Ori,4.62,-0.26
82.802917,-35.470556,1862,   Eps Col,3.87,1.14
83.1825,-17.822222,1865, 11Alp Lep,2.58,0.21
83.705,9.489444,1876, 37Phi1Ori,4.41,-0.16
83.784583,9.934167,1879, 39Lam Ori,3.54,-0.18
83.76125,-6.001944,1887,HR1887,4.78,-0.25
83.846667,-4.838333,1892, 42    Ori,4.59,-0.19
83.858333,-5.91,1899, 44Iot Ori,2.77,-0.24
84.053333,-1.201944,1903, 46Eps Ori,1.7,-0.19
84.22625,9.290556,1907, 40Phi2Ori,4.09,0.95
84.41125,21.1425,1910,123Zet Tau,3.0,-0.19
83.40625,-62.489722,1922,   Bet Dor,3.76,0.82
84.686667,-2.6,1931, 48Sig Ori,3.81,-0.24
84.79625,4.121389,1934, 47Ome Ori,4.57,-0.11
84.72125,-7.213056,1937, 49    Ori,4.8,0.13
85.32375,16.533889,1946,126    Tau,4.86,-0.13
85.189583,-1.942778,1948, 50Zet Ori,2.05,-0.21
85.19,-1.942778,1949, 50Zet Ori,4.21,
85.210833,-1.128889,1952,HR1952,4.95,-0.21
84.912083,-34.074167,1956,   Alp Col,2.64,-0.12
85.619167,1.474722,1963, 51    Ori,4.91,1.17
86.115833,-22.448333,1983, 13Gam Lep,3.6,0.47
87.29375,39.181111,1995, 29Tau Aur,4.52,0.94
86.73875,-14.821944,1998, 14Zet Lep,3.55,0.1
87.254167,24.5675,2002,132    Tau,4.86,1.01
86.939167,-9.669722,2004, 53Kap Ori,2.06,-0.17
87.387083,12.651111,2010,134    Tau,4.91,-0.07
87.76,37.305556,2011, 31Ups Aur,4.74,1.62
87.8725,39.148611,2012, 32Nu  Aur,3.97,1.13
86.193333,-65.735556,2015,   Del Dor,4.35,0.21
86.82125,-51.066389,2020,   Bet Pic,3.85,0.17
88.711667,55.706944,2029, 30Xi  Aur,4.99,0.05
88.331667,27.612222,2034,136    Tau,4.58,-0.02
87.830417,-20.879167,2035, 15Del Lep,3.81,0.99
88.11,1.855,2037, 56    Ori,4.78,1.38
87.74,-35.768333,2040,   Bet Col,3.12,1.16
87.457083,-56.166667,2042,   Gam Pic,4.51,1.1
88.595417,20.276111,2047, 54Chi1Ori,4.41,0.59
88.27875,-33.801389,2056,   Lam Col,4.87,-0.15
88.792917,7.406944,2061, 58Alp Ori,0.5,1.85
89.881667,54.284722,2077, 33Del Aur,3.72,1.0
89.49875,25.953889,2084,139    Tau,4.82,-0.06
89.10125,-14.167778,2085, 16Eta Lep,3.71,0.33
88.874583,-37.120833,2087,   Xi  Col,4.97,1.11
89.882083,44.9475,2088, 34Bet Aur,1.9,0.03
89.98375,45.936944,2091, 35Pi  Aur,4.26,1.72
89.930417,37.2125,2095, 37The Aur,2.62,-0.08
88.525417,-63.09,2102,HR2102,4.65,1.05
89.384167,-35.283333,2106,   Gam Col,4.36,-0.18
90.014167,-3.074167,2113,HR2113,4.53,1.22
89.786667,-42.815278,2120,   Eta Col,3.96,1.14
90.595833,9.6475,2124, 61Mu  Ori,4.12,0.16
90.46,-10.598056,2128,  3    Mon,4.95,-0.12
91.03,23.263333,2134,  1    Gem,4.16,0.82
90.98,20.138333,2135, 62Chi2Ori,4.63,0.28
91.24625,-16.484444,2148, 17    Lep,4.93,0.24
91.53875,-14.935278,2155, 18The Lep,4.67,0.05
91.892917,14.768333,2159, 67Nu  Ori,4.42,-0.17
93.01375,16.130556,2198, 69    Ori,4.95,-0.14
92.985,14.208889,2199, 70Xi  Ori,4.48,-0.18
94.711667,69.319722,2209,HR2209,4.8,0.03
92.574583,-54.968611,2212,   Del Pic,4.81,-0.23
94.478333,61.515278,2215,  1    Lyn,4.98,1.83
93.719167,22.506667,2216,  7Eta Gem,3.28,1.6
93.844583,29.498056,2219, 44Kap Aur,4.35,1.02
93.71375,-6.274722,2227,  5Gam Mon,3.98,1.32
94.905833,59.010833,2238,  2    Lyn,4.48,0.01
94.137917,-35.140556,2256,   Kap Col,4.37,1.0
94.998333,-2.944444,2275,HR2275,4.9,1.6
95.078333,-30.063333,2282,  1Zet CMa,3.02,-0.19
95.74,22.513611,2286, 13Mu  Gem,2.88,1.64
96.224583,49.288056,2289, 46Psi1Aur,4.91,1.97
95.675,-17.955833,2294,  2Bet CMa,1.98,-0.23
95.528333,-33.436389,2296,   Del Col,3.85,0.88
95.942083,4.592778,2298,  8Eps Mon,4.44,0.18
95.987917,-52.695833,2326,   Alp Car,-0.72,0.15
97.240833,20.212222,2343, 18Nu  Gem,4.15,-0.13
97.204167,-7.032778,2356, 11Bet Mon,4.6,-0.1
97.042083,-32.58,2361,   Lam CMa,4.48,-0.17
98.225833,7.333056,2385, 13    Mon,4.5,0.0
97.96375,-23.418333,2387,  4Xi 1CMa,4.33,-0.24
98.764167,-22.964722,2414,  5Xi 2CMa,4.54,-0.05
99.427917,16.399167,2421, 24Gam Gem,1.93,0.0
99.832917,42.488889,2427, 50Psi2Aur,4.79,1.23
99.170833,-19.255833,2429,  7Nu 2CMa,3.95,1.06
98.744167,-52.975556,2435,HR2435,4.39,-0.02
99.4725,-18.2375,2443,  8Nu 3CMa,4.43,1.15
99.819583,-14.145833,2450,HR2450,4.82,1.5
99.440417,-43.196111,2451,   Nu  Pup,3.17,-0.11
100.244583,9.895556,2456, 15    Mon,4.66,-0.25
99.656667,-48.220278,2462,HR2462,4.93,0.87
101.55875,59.441667,2470, 12    Lyn,4.87,0.08
100.982917,25.131111,2473, 27Eps Gem,2.98,1.4
100.997083,13.227778,2478, 30    Gem,4.49,1.16
101.3225,12.895556,2484, 31Xi  Gem,3.36,0.43
101.287083,-16.716111,2491,  9Alp CMa,-1.46,0.0
101.8325,8.037222,2503, 17    Mon,4.77,1.4
101.965,2.412222,2506, 18    Mon,4.47,1.11
105.016667,76.9775,2527,HR2527,4.55,1.36
102.460417,-32.508611,2538, 13Kap CMa,3.96,-0.23
103.197083,33.961111,2540, 34The Gem,3.6,0.1
102.718333,-34.367222,2549,HR2549,4.99,1.38
102.0475,-61.941389,2550,   Alp Pic,3.27,0.21
102.484167,-50.614722,2553,   Tau Pup,2.93,1.2
102.46375,-53.622222,2554,HR2554,4.4,0.92
104.31875,58.4225,2560, 15    Lyn,4.35,0.85
103.66125,13.177778,2564, 38    Gem,4.65,0.3
103.387083,-20.224167,2571, 15    CMa,4.83,-0.21
103.5475,-12.038611,2574, 14The CMa,4.07,1.43
103.532917,-24.183889,2580, 16Omi1CMa,3.87,1.73
104.404583,45.094167,2585, 16    Lyn,4.9,0.03
103.905833,-20.136389,2590, 19Pi  CMa,4.68,0.37
104.0275,-14.043611,2593, 18Mu  CMa,5.0,1.18
104.034167,-17.054167,2596, 20Iot CMa,4.37,-0.07
104.066667,-48.721111,2608,HR2608,4.95,1.69
104.65625,-28.972222,2618, 21Eps CMa,1.5,-0.21
105.429583,-27.934722,2646, 22Sig CMa,3.47,1.73
105.728333,-4.239167,2648, 19    Mon,4.99,-0.2
106.027083,20.570278,2650, 43Zet Gem,3.79,0.79
105.75625,-23.833333,2653, 24Omi2CMa,3.02,-0.08
105.939583,-15.633333,2657, 23Gam CMa,4.12,-0.12
105.97375,-49.583889,2672,HR2672,4.93,0.13
107.097917,-26.393333,2693, 25Del CMa,1.84,0.68
107.91375,39.320556,2696, 63    Aur,4.9,1.45
107.785,30.245278,2697, 46Tau Gem,4.41,1.26
107.557083,-4.237222,2701, 20    Mon,4.92,1.03
107.212917,-39.655833,2702,HR2702,4.83,-0.18
107.96625,-0.492778,2714, 22Del Mon,4.15,-0.01
108.342917,16.158889,2717, 51    Gem,5.0,1.66
107.187083,-70.498889,2736,   Gam2Vol,3.78,1.04
108.14,-46.759444,2740,HR2740,4.49,0.32
112.768333,82.411389,2742,HR2742,4.96,1.66
108.563333,-26.3525,2745, 27    CMa,4.66,-0.19
108.305833,-45.183056,2746,HR2746,4.89,-0.02
108.702917,-26.772778,2749, 28Ome CMa,3.85,-0.17
108.659167,-48.271667,2762,HR2762,4.76,-0.1
109.523333,16.540278,2763, 54Lam Gem,3.58,0.11
109.153333,-23.315556,2764,HR2764,4.79,1.71
109.145833,-27.881111,2766,HR2766,4.64,1.6
109.285833,-37.0975,2773,   Pi  Pup,2.7,1.62
110.030833,21.982222,2777, 55Del Gem,3.53,0.34
109.667917,-24.558889,2781, 29    CMa,4.98,-0.15
109.676667,-24.954167,2782, 30Tau CMa,4.4,-0.15
109.576667,-36.734167,2787,HR2787,4.66,-0.1
109.2075,-67.957222,2803,   Del Vol,3.98,0.79
110.55625,-19.016667,2812,HR2812,4.96,-0.04
111.678333,49.211389,2818, 21    Lyn,4.64,-0.02
111.431667,27.798056,2821, 60Iot Gem,3.79,1.03
111.02375,-29.303056,2827, 31Eta CMa,2.45,-0.08
111.412083,9.276111,2828,  2Eps CMi,4.99,1.01
111.7875,8.289444,2845,  3Bet CMi,2.9,-0.09
112.277917,31.784444,2852, 62Rho Gem,4.18,0.32
112.040833,8.925556,2854,  4Gam CMi,4.32,1.43
112.449167,12.006667,2864,  6    CMi,4.54,1.28
112.464167,-23.024444,2874,HR2874,4.85,0.23
112.3075,-43.301389,2878,   Sig Pup,3.25,1.51
112.677083,-30.962222,2881,HR2881,4.65,0.93
113.65,31.888611,2890, 66Alp Gem,2.88,0.04
113.65,31.888333,2891, 66Alp Gem,1.98,0.03
113.449583,-14.523889,2902,HR2902,4.97,1.41
113.980417,26.895833,2905, 69Ups Gem,4.06,1.54
113.513333,-22.296111,2906,HR2906,4.45,0.51
113.845,-28.369444,2922,HR2922,4.64,-0.11
114.79125,34.584167,2930, 71Omi Gem,4.9,0.4
113.915417,-52.533889,2934,HR2934,4.94,1.4
114.342083,-34.968611,2937,HR2937,4.53,-0.09
114.825417,5.225,2943, 10Alp CMi,0.38,0.42
114.575,-25.364722,2944,HR2944,4.7,-0.11
115.751667,58.710278,2946, 24    Lyn,4.99,0.08
114.705417,-26.801667,2948,HR2948,4.5,-0.17
114.7075,-26.803611,2949,HR2949,4.62,
115.096667,-15.263611,2959,HR2959,4.94,1.56
114.864167,-38.308333,2961,HR2961,4.84,-0.19
115.311667,-9.551111,2970, 26Alp Mon,3.93,1.02
115.827917,28.883611,2973, 75Sig Gem,4.28,1.12
116.111667,24.398056,2985, 77Kap Gem,3.57,0.93
116.32875,28.026111,2990, 78Bet Gem,1.14,1.0
115.885,-28.411111,2993,  1    Pup,4.59,1.63
115.952083,-28.954722,2996,  3    Pup,3.96,0.18
116.530833,18.51,3003, 81    Gem,4.88,1.45
116.31375,-37.968611,3017,HR3017,3.61,1.73
115.455,-72.606111,3024,   Zet Vol,3.95,1.04
117.021667,-25.937222,3034,   Omi Pup,4.5,-0.05
117.32375,-24.859722,3045,  7Xi  Pup,3.34,1.24
117.084583,-47.077778,3046,HR3046,4.71,1.06
117.309583,-46.373333,3055,HR3055,4.11,-0.18
118.374167,26.765833,3067, 83Phi Gem,4.97,0.09
118.054167,-40.575833,3080,HR3080,3.73,1.04
118.16125,-38.863056,3084,HR3084,4.49,-0.19
118.265417,-49.613056,3089,HR3089,4.63,-0.23
118.325833,-48.103056,3090,HR3090,4.24,-0.14
119.214583,-22.88,3102, 11    Pup,4.2,0.72
119.417083,-30.334722,3113,HR3113,4.79,0.15
119.194583,-52.982222,3117,   Chi Car,3.47,-0.18
119.93375,-3.679722,3122, 27    Mon,4.93,1.21
119.56,-49.245,3129,HR3129,4.41,-0.17
119.966667,-18.399167,3131,HR3131,4.61,0.08
120.305417,-1.3925,3141, 28    Mon,4.68,1.49
120.56625,2.334444,3145,HR3145,4.39,1.25
120.879583,27.794167,3149,   Chi Gem,4.94,1.12
120.083333,-63.5675,3159,HR3159,4.82,-0.17
120.89625,-40.003333,3165,   Zet Pup,2.25,-0.26
122.114167,51.506667,3173, 27    Lyn,4.84,0.05
121.885833,-24.304167,3185, 15Rho Pup,2.81,0.43
122.148333,-2.983889,3188, 29Zet Mon,4.34,0.97
122.256667,-19.245,3192, 16    Pup,4.4,-0.15
122.372083,-47.345833,3206,   Gam1Vel,4.27,-0.23
122.383333,-47.336667,3207,   Gam2Vel,1.78,-0.22
122.817917,-12.926944,3211, 19    Pup,4.72,0.95
122.252917,-61.3025,3220,HR3220,4.76,0.43
121.9825,-68.617222,3223,   Eps Vol,4.35,-0.11
122.839583,-39.618611,3225,HR3225,4.45,1.62
122.857917,-42.987222,3226,HR3226,4.75,0.18
123.333333,-15.788333,3229, 20    Pup,4.99,1.07
123.373333,-35.899722,3237,HR3237,4.78,-0.11
123.512083,-40.348056,3243,HR3243,4.44,1.17
124.12875,9.185556,3249, 17Bet Cnc,3.52,1.48
124.63875,-36.659444,3270,HR3270,4.45,0.22
125.70875,43.188056,3275, 31    Lyn,4.25,1.55
125.345833,-33.054444,3282,HR3282,4.83,1.45
125.631667,-48.490278,3294,HR3294,4.82,-0.15
125.628333,-59.509722,3307,   Eps Car,1.86,1.28
126.415,-3.906389,3314,HR3314,3.9,-0.02
124.631667,-76.919722,3318,   Alp Cha,4.07,0.39
127.56625,60.718056,3323,  1Omi UMa,3.36,0.84
125.160417,-77.484444,3340,   The Cha,4.35,1.16
126.434167,-66.136944,3347,   Bet Vol,3.77,1.13
127.365,-44.725,3359,HR3359,4.99,-0.16
130.053333,64.327778,3403,  4Pi 2UMa,4.6,1.17
129.414167,5.703611,3410,  4Del Hya,4.16,0.0
128.831667,-58.009167,3414,HR3414,4.86,1.0
129.689167,3.341389,3418,  5Sig Hya,4.44,1.21
129.41125,-42.989167,3426,HR3426,4.14,0.11
130.00625,-12.475278,3431,  6    Hya,4.98,1.42
129.927083,-29.561111,3433,   Zet Pyx,4.89,0.9
130.025833,-35.308333,3438,   Bet Pyx,3.97,0.94
130.430417,-15.943333,3441,  9    Hya,4.88,1.06
130.156667,-46.648889,3445,HR3445,3.84,0.71
130.073333,-52.921944,3447,HR3447,3.62,-0.18
130.82125,21.468611,3449, 43Gam Cnc,4.66,0.02
130.304583,-47.316944,3452,HR3452,4.77,0.12
130.80625,3.398611,3454,  7Eta Hya,4.3,-0.2
130.154167,-59.761111,3457,HR3457,4.33,-0.11
130.918333,-7.233611,3459,HR3459,4.62,0.84
131.17125,18.154167,3461, 47Del Cnc,3.94,1.08
130.60625,-53.113889,3467,HR3467,4.86,-0.17
130.897917,-33.186389,3468,   Alp Pyx,3.68,-0.18
131.674167,28.76,3475, 48Iot Cnc,4.02,1.01
131.1,-42.649167,3477,HR3477,4.07,0.87
131.694167,6.418889,3482, 11Eps Hya,3.38,0.68
131.59375,-13.547778,3484, 12    Hya,4.32,0.9
131.175833,-54.708333,3485,   Del Vel,1.96,0.04
131.507083,-46.041667,3487,HR3487,3.91,0.0
132.108333,5.837778,3492, 13Rho Hya,4.36,-0.04
131.677083,-56.769722,3498,HR3498,4.49,-0.17
132.632917,-27.71,3518,   Gam Pyx,4.01,1.27
132.44875,-45.308056,3520,HR3520,4.93,0.05
133.848333,5.945556,3547, 16Zet Hya,3.11,1.0
133.88125,-27.681944,3556,   Del Pyx,4.89,0.11
134.801667,48.041667,3569,  9Iot UMa,3.14,0.19
133.761667,-60.644722,3571,HR3571,3.84,-0.1
134.621667,11.857778,3572, 65Alp Cnc,4.25,0.14
134.080833,-52.723611,3574,HR3574,4.69,-0.12
135.63625,67.629722,3576,  8Rho UMa,4.76,1.53
135.16,41.782778,3579,HR3579,3.97,0.44
134.243333,-59.229444,3582,HR3582,4.92,-0.19
135.0225,-41.253889,3591,HR3591,4.45,0.65
135.90625,47.156667,3594, 12Kap UMa,3.6,0.0
136.6325,38.452222,3612,HR3612,4.56,1.04
136.493333,5.092222,3613, 18Ome Hya,4.97,1.22
136.03875,-47.097778,3614,HR3614,3.75,1.2
135.611667,-66.396111,3615,   Alp Vol,4.0,0.14
137.596667,67.134722,3616, 13Sig2UMa,4.8,0.49
137.217917,51.604722,3619, 15    UMa,4.48,0.27
137.729583,63.513611,3624, 14Tau UMa,4.67,0.35
137.012083,-25.858333,3628,   Kap Pyx,4.58,1.59
136.999167,-43.4325,3634,   Lam Vel,2.21,1.66
136.409583,-70.538889,3642,HR3642,4.71,-0.15
136.286667,-72.602778,3643,HR3643,4.48,0.61
137.768333,-44.868056,3654,HR3654,5.0,0.23
137.741667,-58.966944,3659,HR3659,3.44,-0.19
139.047083,54.021944,3662, 18    UMa,4.83,0.19
137.819167,-62.317222,3663,HR3663,3.97,-0.18
138.59125,2.314167,3665, 22The Hya,3.88,-0.06
138.902917,-38.57,3682,HR3682,4.94,1.11
138.937917,-37.413333,3684,HR3684,4.62,0.45
138.3,-69.717222,3685,   Bet Car,1.68,0.0
139.71125,36.8025,3690, 38    Lyn,3.82,0.06
139.050833,-57.541389,3696,HR3696,4.34,1.63
139.2725,-59.275278,3699,   Iot Car,2.25,0.18
140.26375,34.3925,3705, 40Alp Lyn,3.13,1.55
139.943333,-11.975,3706, 26    Hya,4.79,0.93
140.120833,-9.555833,3709, 27    Hya,4.8,0.93
140.373333,-25.965556,3718,   The Pyx,4.72,1.63
140.236667,-62.404722,3728,HR3728,4.81,0.94
141.16375,26.182222,3731,  1Kap Leo,4.46,1.23
140.80125,-28.833889,3733,   Lam Pyx,4.69,0.92
140.528333,-55.010833,3734,   Kap Vel,2.5,-0.18
141.896667,-8.658611,3748, 30Alp Hya,1.98,1.44
141.826667,-22.343889,3749,HR3749,4.69,1.14
144.271667,81.326389,3751,HR3751,4.29,1.48
142.882083,63.061944,3757, 23    UMa,3.67,0.33
142.287083,-2.768889,3759, 31Tau1Hya,4.6,0.46
142.31125,-35.951389,3765,   Eps Ant,4.51,1.44
143.620417,69.830278,3771, 24    UMa,4.56,0.77
142.93,22.968056,3773,  4Lam Leo,4.31,1.54
143.214167,51.677222,3775, 25The UMa,3.17,0.46
142.98625,11.299722,3782,  5Xi  Leo,4.97,1.05
142.675,-40.466667,3786,   Psi Vel,3.6,0.36
142.995417,-1.185,3787, 32Tau2Hya,4.57,0.1
143.70625,52.051389,3799, 26    UMa,4.5,0.01
143.555833,36.3975,3800, 10    LMi,4.55,0.92
142.805417,-57.034444,3803,HR3803,3.13,1.55
143.765833,39.621389,3809,HR3809,4.81,0.99
143.61125,-59.229444,3825,HR3825,4.08,0.01
144.302917,6.835833,3827, 10    Leo,5.0,1.05
144.61375,4.649167,3834,HR3834,4.68,1.32
144.206667,-49.355278,3836,HR3836,4.35,0.17
144.964167,-1.142778,3845, 35Iot Hya,3.91,1.32
145.2875,9.892222,3852, 14Omi Leo,3.52,0.49
144.8375,-61.328056,3856,HR3856,4.52,-0.07
145.320833,-23.591667,3858,HR3858,4.77,-0.12
145.56,-23.915556,3862,HR3862,4.94,0.53
146.050417,-27.769444,3871,   The Ant,4.79,0.51
146.462917,23.774167,3873, 17Eps Leo,2.98,0.8
146.311667,-62.507778,3884,HR3884,3.69,1.22
147.7475,59.038611,3888, 29Ups UMa,3.8,0.29
146.775417,-65.071944,3890,   Ups Car,3.01,0.28
148.026667,54.064444,3894, 30Phi UMa,4.59,0.03
147.869583,-14.846667,3903, 39Ups1Hya,4.12,0.92
148.190833,26.006944,3905, 24Mu  Leo,3.88,1.22
147.92,-46.547778,3912,HR3912,4.58,1.2
148.55125,-25.9325,3919,HR3919,4.88,1.23
148.7175,-19.009444,3923,HR3923,4.94,1.57
149.215833,-54.567778,3940,   Phi Vel,3.54,-0.08
150.053333,8.044167,3950, 29Pi  Leo,4.7,1.6
151.28125,-13.064722,3970, 40Ups2Hya,4.6,-0.09
151.8575,35.244722,3974, 21    LMi,4.48,0.18
151.833333,16.762778,3975, 30Eta Leo,3.52,-0.03
151.97625,9.9975,3980, 31    Leo,4.37,1.45
151.984583,-0.371667,3981, 15Alp Sex,4.49,-0.04
152.092917,11.967222,3982, 32Alp Leo,1.35,-0.11
152.234583,-51.811111,3990,HR3990,4.86,-0.12
152.647083,-12.354167,3994, 41Lam Hya,3.61,1.01
153.684167,-42.121944,4023,HR4023,3.85,0.05
154.1725,23.417222,4031, 36Zet Leo,3.44,0.31
154.274167,42.914444,4033, 33Lam UMa,3.45,0.03
153.434167,-70.038056,4037,   Ome Car,3.32,-0.08
154.270833,-61.332222,4050,HR4050,3.4,1.54
154.93375,19.470833,4054, 40    Leo,4.79,0.45
154.992917,19.841667,4057, 41Gam1Leo,2.61,1.15
154.994167,19.840556,4058, 41Gam2Leo,3.8,
154.903333,-55.029444,4063,HR4063,4.57,1.62
155.582083,41.499444,4069, 34Mu  UMa,3.05,1.59
156.032917,65.566389,4072,HR4072,4.97,-0.06
155.228333,-56.043056,4074,HR4074,4.5,-0.12
155.581667,-41.65,4080,HR4080,4.83,1.12
155.742083,-66.901667,4089,HR4089,4.99,-0.13
156.47875,33.796111,4090, 30    LMi,4.74,0.25
156.5225,-16.836389,4094, 42Mu  Hya,3.81,1.48
156.970833,36.707222,4100, 31Bet LMi,4.21,0.9
156.09875,-74.031667,4102,HR4102,4.0,0.35
156.787917,-31.067778,4104,   Alp Ant,4.25,1.45
156.851667,-57.638889,4110,HR4110,4.66,0.51
157.656667,55.980556,4112, 36    UMa,4.84,0.52
156.969583,-58.739444,4114,HR4114,3.82,0.31
158.772917,75.713056,4126,HR4126,4.84,0.96
158.307917,40.425556,4132,HR4132,4.75,0.23
158.202917,9.306667,4133, 47Rho Leo,3.85,-0.14
157.840833,-53.715556,4134,HR4134,4.89,0.5
157.58375,-71.993056,4138,HR4138,4.74,0.04
158.005833,-61.685278,4140,HR4140,3.32,-0.09
157.758333,-73.221667,4142,HR4142,4.93,1.68
158.897083,-57.557778,4159,HR4159,4.45,1.62
159.307083,-27.4125,4162,HR4162,4.89,1.62
159.388333,-13.384444,4163,HR4163,4.82,2.68
159.68,31.976111,4166, 37    LMi,4.71,0.81
159.325417,-48.225833,4167,HR4167,3.84,0.3
159.645833,-16.876667,4171,   Phi3Hya,4.91,0.92
158.867083,-78.607778,4174,   Gam Cha,4.11,1.58
159.687917,-59.183056,4177,HR4177,4.66,1.48
159.826667,-55.603333,4180,HR4180,4.28,1.04
160.767083,69.076111,4181,HR4181,5.0,1.38
160.558333,-64.466389,4196,HR4196,4.82,-0.14
160.739167,-64.394444,4199,   The Car,2.76,-0.22
160.88375,-60.566667,4200,HR4200,4.57,1.71
161.02875,-63.961111,4205,HR4205,4.82,-0.13
161.6925,-49.42,4216,   Mu  Vel,2.69,0.9
161.713333,-64.383333,4222,HR4222,4.85,-0.15
162.40625,-16.193611,4232,   Nu  Hya,3.11,1.25
161.445,-80.540278,4234,   Del2Cha,4.45,-0.19
163.327917,34.215,4247, 46    LMi,3.83,1.04
163.494583,43.19,4248, 45Ome UMa,4.71,-0.05
163.373333,-58.853333,4257,HR4257,3.78,0.95
163.903333,24.749722,4259, 54    Leo,4.5,0.01
164.179583,-37.137778,4273,   Iot Ant,4.6,1.03
164.94375,-18.298889,4287,  7Alp Crt,4.08,1.09
165.14,3.6175,4291, 58    Leo,4.84,1.16
165.03875,-42.225833,4293,HR4293,4.39,0.11
165.186667,6.101389,4294, 59    Leo,4.99,0.16
165.460417,56.3825,4295, 48Bet UMa,2.37,-0.02
165.457083,-2.484722,4299, 61    Leo,4.74,1.62
165.5825,20.179722,4300, 60    Leo,4.42,0.05
165.932083,61.750833,4301, 50Alp UMa,1.79,1.07
166.254167,7.336111,4310, 63Chi Leo,4.63,0.33
166.332917,-27.293611,4314,   Chi1Hya,4.94,0.36
166.635,-62.424167,4325,HR4325,4.61,1.03
167.415833,44.498611,4335, 52Psi UMa,3.01,1.14
167.1475,-58.975,4337,HR4337,3.91,1.23
167.914583,-22.825833,4343, 11Bet Crt,4.48,0.03
168.15,-60.3175,4352,HR4352,4.6,0.55
168.527083,20.523611,4357, 68Del Leo,2.56,0.12
168.56,15.429444,4359, 70The Leo,3.34,-0.01
168.800833,23.095556,4362, 72    Leo,4.63,1.66
169.165417,-3.651667,4368, 74Phi Leo,4.47,0.21
169.545417,31.529167,4374, 53Xi  UMa,4.87,
169.545833,31.529167,4375, 53Xi  UMa,4.41,0.59
169.619583,33.094167,4377, 54Nu  UMa,3.48,1.4
169.782917,38.185556,4380, 55    UMa,4.78,0.12
169.835417,-14.778611,4382, 12Del Crt,3.56,1.12
170.284167,6.029444,4386, 77Sig Leo,4.05,-0.06
170.251667,-54.491111,4390,   Pi  Cen,3.89,-0.15
170.706667,43.482778,4392, 56    UMa,4.99,0.99
170.802917,-36.164722,4396,HR4396,5.0,1.46
170.98125,10.529167,4399, 78Iot Leo,3.94,0.41
171.1525,-10.859444,4402, 14Eps Crt,4.83,1.56
171.220417,-17.683889,4405, 15Gam Crt,4.08,0.21
171.984167,2.856111,4418, 84Tau Leo,4.95,1.0
172.57875,-3.003611,4432, 87    Leo,4.77,1.54
172.850833,69.331111,4434,  1Lam Dra,3.84,1.62
173.250417,-31.857778,4450,   Xi  Hya,3.54,0.94
173.690417,-54.264167,4460,HR4460,4.62,-0.08
173.945,-63.019722,4467,   Lam Cen,3.13,-0.04
174.170417,-9.802222,4468, 21The Crt,4.7,-0.08
174.237083,-0.823889,4471, 91Ups Leo,4.3,1.0
175.053333,-34.744722,4494,   Omi Hya,4.7,-0.07
175.223333,-62.09,4499,HR4499,4.94,1.15
176.190833,-18.350833,4514, 27Zet Crt,4.73,0.97
176.32125,8.258333,4515,  2Xi  Vir,4.85,0.18
176.465,6.529444,4517,  3Nu  Vir,4.03,1.51
176.5125,47.779444,4518, 63Chi UMa,3.71,1.18
176.401667,-66.728611,4520,   Lam Mus,3.64,0.16
176.628333,-61.178333,4522,HR4522,4.11,0.9
176.629583,-40.500556,4523,HR4523,4.91,0.66
176.99625,20.218889,4527, 93    Leo,4.53,0.55
177.059583,-66.814722,4530,   Mu  Mus,4.72,1.54
177.265,14.571944,4534, 94Bet Leo,2.14,0.09
177.42125,-63.788333,4537,HR4537,4.32,-0.15
177.485833,-70.225833,4538,HR4538,4.97,1.4
177.67375,1.764722,4540,  5Bet Vir,3.61,0.55
177.78625,-45.173611,4546,HR4546,4.46,1.3
177.963333,-65.206111,4549,HR4549,4.9,-0.11
178.2275,-33.908056,4552,   Bet Hya,4.28,-0.1
178.4575,53.694722,4554, 64Gam UMa,2.44,0.0
179.905417,-78.221944,4583,   Eps Cha,4.91,-0.06
180.218333,6.614167,4589,  8Pi  Vir,4.66,0.13
180.75625,-63.312778,4599,   The1Cru,4.33,0.27
181.08,-63.165556,4603,   The2Cru,4.72,-0.08
181.302083,8.733056,4608,  9Omi Vir,4.12,0.98
181.720417,-64.613611,4616,   Eta Cru,4.15,0.34
182.021667,-50.661389,4618,HR4618,4.47,-0.15
182.089583,-50.7225,4621,   Del Cen,2.6,-0.12
182.103333,-24.728889,4623,  1Alp Crv,4.02,0.32
182.53125,-22.619722,4630,  2Eps Crv,3.0,1.33
182.912917,-52.368611,4638,   Rho Cen,3.96,-0.15
183.78625,-58.748889,4656,   Del Cru,2.8,-0.23
183.856667,57.0325,4660, 69Del UMa,3.31,0.08
183.951667,-17.541944,4662,  4Gam Crv,2.59,-0.11
184.085417,23.945278,4667,  7    Com,4.95,0.97
184.125417,33.061389,4668,HR4668,5.0,1.14
184.392083,-67.960833,4671,   Eps Mus,4.11,1.58
184.58625,-79.312222,4674,   Bet Cha,4.26,-0.12
184.60875,-64.003056,4679,   Zet Cru,4.04,-0.17
184.74875,-55.143056,4682,HR4682,5.0,1.59
184.976667,-0.666944,4689, 15Eta Vir,3.89,0.02
185.0875,3.3125,4695, 16    Vir,4.96,1.16
185.179167,17.792778,4697, 11    Com,4.74,1.01
185.34,-60.401111,4700,   Eps Cru,3.59,1.42
185.62625,25.846111,4707, 12    Com,4.81,0.49
186.00625,51.562222,4716,  5    CVn,4.8,0.87
186.62875,-63.1225,4729,HR4729,4.86,-0.12
186.649583,-63.099167,4730,   Alp1Cru,1.33,-0.24
186.652083,-63.099444,4731,   Alp2Cru,1.73,-0.26
186.631667,-51.450833,4732,HR4732,4.82,-0.14
186.600417,27.268333,4733, 14    Com,4.95,0.27
186.734583,28.268333,4737, 15Gam Com,4.36,1.13
186.747083,26.825556,4738, 16    Com,5.0,0.08
187.01,-50.230556,4743,   Sig Cen,3.91,-0.19
187.46625,-16.515556,4757,  7Del Crv,2.95,-0.05
187.79125,-57.113333,4763,   Gam Cru,1.63,1.59
187.527917,69.201111,4765,  4    Dra,4.95,1.62
188.116667,-72.133056,4773,   Gam Mus,3.87,-0.15
188.0175,-16.196111,4775,  8Eta Crv,4.31,0.38
188.435417,41.3575,4785,  8Bet CVn,4.26,0.59
188.596667,-23.396667,4786,  9Bet Crv,2.65,0.89
188.370833,69.788333,4787,  5Kap Dra,3.87,-0.13
188.712917,22.629167,4789, 23    Com,4.81,0.0
188.683333,70.021944,4795,  6    Dra,4.94,1.31
189.295833,-69.135556,4798,   Alp Mus,2.69,-0.2
189.425833,-48.541111,4802,   Tau Cen,3.86,0.05
189.811667,-7.995556,4813, 26Chi Vir,4.66,1.23
189.96875,-39.9875,4817,HR4817,4.64,-0.08
190.379167,-48.959722,4819,   Gam Cen,2.17,-0.01
190.485833,-59.685833,4823,HR4823,4.93,-0.04
190.415,-1.449444,4825, 29Gam Vir,3.65,0.36
190.415,-1.449444,4826, 29Gam Vir,3.68,
190.47125,10.235556,4828, 30Rho Vir,4.88,0.09
190.6475,-48.813056,4831,HR4831,4.66,1.09
191.407917,-60.981111,4842,   Iot Cru,4.69,1.05
191.570417,-68.108056,4844,   Bet Mus,3.05,-0.18
191.2825,45.440278,4846,HR4846,4.99,2.54
191.594583,-56.488889,4848,HR4848,4.65,-0.16
191.93,-59.688611,4853,   Bet Cru,1.25,-0.23
192.671667,-33.999444,4874,HR4874,4.91,-0.04
192.924583,27.540556,4883, 31    Com,4.94,0.67
193.27875,-48.943333,4888,HR4888,4.33,1.37
193.359167,-40.178889,4889,HR4889,4.27,0.21
193.324167,21.245,4894, 35    Com,4.9,0.9
193.663333,-59.146667,4897,   Lam Cru,4.62,-0.15
193.648333,-57.177778,4898,   Mu 1Cru,4.03,-0.17
193.588333,-9.538889,4902, 40Psi Vir,4.79,1.6
193.507083,55.959722,4905, 77Eps UMa,1.77,-0.02
193.900833,3.3975,4910, 43Del Vir,3.38,1.58
194.007083,38.318333,4915, 12Alp2CVn,2.9,-0.12
194.730833,17.409444,4920, 36    Com,4.78,1.56
195.5675,-71.548889,4923,   Del Mus,3.62,1.18
195.06875,30.785,4924, 37    Com,4.9,1.17
195.1825,56.366389,4931, 78    UMa,4.93,0.36
195.544167,10.959167,4932, 47Eps Vir,2.83,0.94
195.888333,-49.527222,4933,   Xi 1Cen,4.85,0.02
196.569583,-48.463611,4940,HR4940,4.71,-0.14
196.7275,-49.906111,4942,   Xi 2Cen,4.27,-0.19
196.794583,27.624722,4954, 41    Com,4.8,1.48
197.26375,-23.118056,4958, 45Psi Hya,4.95,1.05
197.4875,-5.538889,4963, 51The Vir,4.38,-0.01
198.0725,-59.920833,4975,HR4975,4.6,-0.08
198.013333,-37.803056,4979,HR4979,4.85,0.7
197.968333,27.878056,4983, 43Bet Com,4.26,0.57
198.561667,-59.103333,4989,HR4989,4.92,0.48
198.812083,-67.894444,4993,   Eta Mus,4.8,-0.08
198.429167,40.152778,4997,HR4997,4.92,1.06
199.304167,-66.783611,5002,HR5002,4.87,1.5
199.40125,5.469722,5015, 60Sig Vir,4.8,1.67
199.385417,40.5725,5017, 20    CVn,4.73,0.3
199.60125,-18.311389,5019, 61    Vir,4.74,0.71
199.730417,-23.171667,5020, 46Gam Hya,3.0,0.92
200.149167,-36.712222,5028,   Iot Cen,2.75,0.04
200.657917,-60.988333,5035,HR5035,4.53,-0.13
201.002083,-64.535833,5041,HR5041,4.53,0.85
200.98125,54.925278,5054, 79Zet UMa,2.27,0.02
200.985,54.921667,5055, 79Zet UMa,3.95,0.13
201.298333,-11.161389,5056, 67Alp Vir,0.98,-0.23
201.30625,54.988056,5062, 80    UMa,4.01,0.16
201.863333,-15.973611,5068, 69    Vir,4.76,1.09
202.1075,13.778889,5072, 70    Vir,4.98,0.71
202.428333,-23.281389,5080,HR5080,4.97,1.6
202.76125,-39.4075,5089,HR5089,3.88,1.17
202.99125,-6.255833,5095, 74    Vir,4.69,1.62
203.532917,3.658889,5105, 78    Vir,4.94,0.03
203.673333,-0.595833,5107, 79Zet Vir,3.37,0.11
203.699167,37.1825,5110,HR5110,4.98,0.4
203.61375,49.016111,5112, 24    CVn,4.7,0.12
204.365,36.295,5127, 25    CVn,4.82,0.23
204.971667,-53.466389,5132,   Eps Cen,2.3,-0.22
205.184583,54.681667,5154, 83    UMa,4.66,1.64
206.421667,-33.043889,5168,  1    Cen,4.23,0.38
206.66375,-51.432778,5172,HR5172,4.65,0.96
206.815417,17.456667,5185,  4Tau Boo,4.5,0.48
207.37625,-41.687778,5190,   Nu  Cen,3.41,-0.22
206.885,49.313333,5191, 85Eta UMa,1.86,-0.19
207.36125,-34.450833,5192,  2    Cen,4.19,1.5
207.404167,-42.473889,5193,   Mu  Cen,3.04,-0.17
207.467917,-18.134167,5196, 89    Vir,4.97,1.06
207.369167,15.797778,5200,  5Ups Boo,4.07,1.52
207.428333,21.264167,5201,  6    Boo,4.91,1.43
207.956667,-32.994444,5210,  3    Cen,4.56,-0.13
207.947917,34.444167,5219,HR5219,4.74,1.66
208.302083,-31.927778,5221,  4    Cen,4.73,-0.14
207.857917,64.723333,5226, 10    Dra,4.65,1.58
208.885,-47.288333,5231,   Zet Cen,2.55,-0.22
208.67125,18.397778,5235,  8Eta Boo,2.68,0.58
209.412083,-63.686667,5241,HR5241,4.71,1.11
209.567917,-42.100833,5248,   Phi Cen,3.83,-0.21
209.67,-44.803611,5249,   Ups1Cen,3.87,-0.2
210.430833,-45.603611,5260,   Ups2Cen,4.34,0.6
210.411667,1.544444,5264, 93Tau Vir,4.26,0.1
210.955833,-60.373056,5267,   Bet Cen,0.61,-0.23
211.511667,-41.179722,5285,   Chi Cen,4.36,-0.19
211.592917,-26.6825,5287, 49Pi  Hya,3.27,1.12
211.670833,-36.37,5288,  5The Cen,2.06,1.01
211.097083,64.375833,5291, 11Alp Dra,3.65,-0.05
212.478333,-53.439167,5297,HR5297,4.75,0.94
212.710417,-16.301944,5301,HR5301,4.91,1.72
214.5575,-81.007778,5303,   Eta Aps,4.91,0.25
212.599583,25.091667,5304, 12    Boo,4.83,0.54
213.224167,-10.273611,5315, 98Kap Vir,4.19,1.33
212.212083,77.5475,5321,  4    UMi,4.82,1.36
213.370833,51.790278,5329, 17Kap2Boo,4.54,0.2
214.00375,-6.000556,5338, 99Iot Vir,4.08,0.52
216.72875,-83.667778,5339,   Del Oct,4.32,1.31
213.915417,19.1825,5340, 16Alp Boo,-0.04,1.23
214.04125,51.367222,5350, 21Iot Boo,4.75,0.2
214.095833,46.088333,5351, 19Lam Boo,4.18,0.08
214.850833,-46.057778,5354,   Iot Lup,3.55,-0.18
215.08125,-56.386667,5358,HR5358,4.33,0.12
214.7775,-13.371111,5359,100Lam Vir,4.52,0.13
214.499167,35.509444,5361,HR5361,4.81,1.06
215.177083,-45.187222,5364,HR5364,4.77,0.31
215.139167,-37.885278,5367,   Psi Cen,4.05,-0.03
214.938333,16.306944,5370, 20    Boo,4.86,1.23
215.654167,-58.459444,5371,HR5371,4.92,0.86
215.759167,-39.512222,5378,HR5378,4.42,-0.18
215.774167,-27.753889,5381, 51    Hya,4.77,1.31
216.534167,-45.221389,5395,   Tau1Lup,4.56,-0.15
216.545,-45.379444,5396,   Tau2Lup,4.35,0.43
216.299167,51.850833,5404, 23The Boo,4.05,0.5
217.043333,-29.491667,5407, 52    Hya,4.97,-0.07
217.050417,-2.228056,5409,105Phi Vir,4.81,0.7
218.15375,-50.456944,5425,   Sig Lup,4.42,-0.19
217.9575,30.371389,5429, 25Rho Boo,3.58,1.3
216.88125,75.696111,5430,  5    UMi,4.25,1.44
218.019583,38.308333,5435, 27Gam Boo,3.03,0.19
218.876667,-42.157778,5440,   Eta Cen,2.31,-0.19
218.67,29.745,5447, 28Sig Boo,4.46,0.36
219.471667,-49.425833,5453,   Rho Lup,4.05,-0.15
219.899583,-60.835278,5459,   Alp1Cen,-0.01,0.71
219.900417,-60.835556,5460,   Alp2Cen,1.33,0.88
220.626667,-64.975278,5463,   Alp Cir,3.19,0.24
220.4825,-47.388333,5469,   Alp Lup,2.3,-0.2
221.965,-79.044722,5470,   Alp Aps,3.83,1.43
220.49,-37.793611,5471,HR5471,4.0,-0.17
220.181667,16.418333,5475, 29Pi 1Boo,4.94,-0.03
220.287083,13.728333,5477, 30Zet Boo,4.83,
220.287083,13.728333,5478, 30Zet Boo,4.43,0.05
220.411667,8.161667,5480, 31    Boo,4.86,1.0
220.914167,-35.173611,5485,HR5485,4.05,1.35
220.765,-5.658333,5487,107Mu  Vir,3.88,0.38
221.246667,-35.191944,5489,HR5489,4.92,0.01
220.855833,26.527778,5490, 34    Boo,4.81,1.66
221.500417,-25.443056,5497, 54    Hya,4.94,0.35
221.310417,16.964444,5502, 35Omi Boo,4.6,0.98
221.246667,27.074167,5506, 36Eps Boo,2.7,0.97
221.562083,1.892778,5511,109    Vir,3.72,-0.01
222.572083,-27.960278,5526, 58    Hya,4.41,1.4
222.91,-43.575556,5528,   Omi Lup,4.32,-0.15
222.719583,-16.041667,5531,  9Alp2Lib,2.75,0.15
222.754167,-2.299167,5535, 11    Lib,4.94,0.98
222.847083,19.101111,5544, 37Xi  Boo,4.55,0.76
222.67625,74.155556,5563,  7Bet UMi,2.08,1.47
224.295833,-4.346389,5570, 16    Lib,4.49,0.32
224.632917,-43.133889,5571,   Bet Lup,2.68,-0.22
224.790417,-42.104167,5576,   Kap Cen,3.13,-0.2
225.243333,-8.518889,5586, 19Del Lib,4.92,0.0
224.395833,65.9325,5589,HR5589,4.6,1.59
225.527083,25.008056,5600, 41Ome Boo,4.81,1.5
225.725,2.091389,5601,110    Vir,4.4,1.04
225.486667,40.390556,5602, 42Bet Boo,3.5,0.97
226.0175,-25.281944,5603, 20Sig Lib,3.29,1.7
226.28,-47.051111,5605,   Pi  Lup,4.72,-0.14
226.28,-47.051111,5606,   Pi  Lup,4.82,
226.11125,26.9475,5616, 43Psi Boo,4.54,1.24
225.9475,47.654444,5618, 44    Boo,4.76,0.65
227.210833,-45.279722,5626,   Lam Lup,4.05,-0.18
226.825417,24.869167,5634, 45    Boo,4.93,0.43
227.98375,-48.737778,5646,   Kap1Lup,3.87,-0.05
228.07125,-52.099167,5649,   Zet Lup,3.41,0.92
228.20625,-44.500556,5651,HR5651,4.82,-0.17
228.055417,-19.791667,5652, 24Iot1Lib,4.54,-0.08
228.655417,-31.519167,5660,  1    Lup,4.91,0.37
229.412083,-63.610556,5666,   Eps Cir,4.86,1.25
229.378333,-58.801111,5670,   Bet Cir,4.07,0.09
229.7275,-68.679444,5671,   Gam TrA,2.89,0.0
228.875833,33.314722,5681, 49Del Boo,3.47,0.95
229.633333,-47.875,5683,   Mu  Lup,4.27,-0.08
229.251667,-9.383056,5685, 27Bet Lib,2.61,-0.11
229.457917,-30.148889,5686,  2    Lup,4.34,1.1
230.342917,-40.6475,5695,   Del Lup,3.22,-0.22
230.534583,-47.927778,5698,   Nu 1Lup,5.0,0.5
230.844583,-59.320833,5704,   Gam Cir,4.51,0.19
230.451667,-36.261389,5705,   Phi1Lup,3.56,1.54
230.670417,-44.689444,5708,   Eps Lup,3.37,-0.18
230.789167,-36.858611,5712,   Phi2Lup,4.54,-0.15
231.049583,-10.322222,5723, 31Eps Lib,4.94,0.44
231.334167,-38.733611,5724,HR5724,4.6,0.0
231.1225,37.377222,5733, 51Mu 1Boo,4.31,0.31
230.182083,71.833889,5735, 13Gam UMi,3.05,0.05
231.2325,58.966111,5744, 12Iot Dra,3.29,1.16
231.957083,29.105833,5747,  3Bet CrB,3.68,0.28
234.18,-66.316944,5771,   Eps TrA,4.11,1.17
233.785417,-41.166944,5776,   Gam Lup,2.78,-0.2
233.544583,-10.064444,5777, 37    Lib,4.62,1.01
233.2325,31.359167,5778,  4The CrB,4.14,-0.13
233.971667,-44.958611,5781,HR5781,4.54,-0.18
233.881667,-14.789444,5787, 38Gam Lib,3.91,1.01
233.700417,10.5375,5788, 13Del Ser,3.8,0.26
233.700417,10.539167,5789, 13Del Ser,3.8,0.26
233.672083,26.714722,5793,  5Alp CrB,2.23,-0.02
234.25625,-28.135,5794, 39Ups Lib,3.58,1.38
234.513333,-42.5675,5797,   Ome Lup,4.33,1.42
234.664167,-29.777778,5812, 40Tau Lib,3.66,-0.17
234.941667,-34.411944,5820,  3Psi1Lup,4.67,0.99
235.070417,-23.818056,5824, 42    Lib,4.96,1.33
235.297083,-44.661111,5825,HR5825,4.64,0.4
232.85375,77.349444,5826, 15The UMi,4.96,1.58
235.486667,-19.678889,5838, 43Kap Lib,4.74,1.57
235.670833,-34.710556,5839,  4Psi2Lup,4.75,-0.14
235.387917,19.670278,5842, 21Iot Ser,4.52,0.04
235.685833,26.295556,5849,  8Gam CrB,3.84,0.0
236.067083,6.425556,5854, 24Alp Ser,2.65,1.17
236.547083,15.421944,5867, 28Bet Ser,3.67,0.06
236.610833,7.353056,5868, 27Lam Ser,4.43,0.6
237.185,18.141667,5879, 35Kap Ser,4.09,1.62
237.405,-3.430278,5881, 32Mu  Ser,3.53,-0.04
237.739583,-33.627222,5883,  5Chi Lup,3.95,-0.04
237.744583,-25.751389,5885,  1    Sco,4.64,-0.05
237.39875,26.068333,5889, 10Del CrB,4.63,0.8
237.704167,4.477778,5892, 37Eps Ser,3.71,0.15
238.785417,-63.430556,5897,   Bet TrA,2.85,0.29
237.81625,20.977778,5899, 38Rho Ser,4.76,1.54
237.807917,35.6575,5901, 11Kap CrB,4.82,1.0
236.014583,77.794444,5903, 16Zet UMi,4.32,0.04
238.402917,-25.327222,5904,  2    Sco,4.59,-0.07
238.45625,-16.729444,5908, 46The Lib,4.15,1.02
238.16875,42.451667,5914,  1Chi Her,4.62,0.56
239.22125,-29.214167,5928,  5Rho Sco,3.88,-0.2
239.113333,15.661667,5933, 41Gam Ser,3.85,0.48
239.5475,-14.279444,5941, 48    Lib,4.88,-0.1
239.87625,-41.744444,5943,HR5943,4.99,1.0
239.712917,-26.114167,5944,  6Pi  Sco,2.89,-0.19
239.397083,26.877778,5947, 13Eps CrB,4.15,1.23
240.030417,-38.396944,5948,   Eta Lup,3.41,-0.22
240.083333,-22.621667,5953,  7Del Sco,2.32,-0.12
239.875833,25.920278,5958,HR5958,2.0,0.1
239.4475,54.749722,5960,HR5960,4.95,0.26
240.882917,-57.775278,5961,   Iot1Nor,4.63,0.24
240.80375,-49.229722,5962,   Eta Nor,4.65,0.92
240.850833,-38.6025,5967,HR5967,4.89,-0.14
240.835833,-25.865278,5969,HR5969,5.0,1.22
240.360833,29.851111,5971, 14Iot CrB,4.99,-0.07
240.57375,22.804444,5972, 44Pi  Ser,4.83,0.07
241.092083,-11.373056,5978,   Xi  Sco,4.77,0.47
241.6225,-45.173333,5980,   Del Nor,4.72,0.23
240.699583,46.036667,5982,  6Ups Her,4.76,-0.11
241.359167,-19.805556,5984,  8Bet1Sco,2.62,-0.07
241.360417,-19.801944,5985,  8Bet2Sco,4.92,-0.02
240.472083,58.565278,5986, 13The Dra,4.01,0.52
241.647917,-36.802222,5987,   The Lup,4.23,-0.17
241.701667,-20.669167,5993,  9Ome1Sco,3.96,-0.04
241.85125,-20.868611,5997, 10Ome2Sco,4.32,0.84
242.01875,17.046944,6008,  7Kap Her,5.0,0.95
242.242917,36.490833,6018, 16Tau CrB,4.76,1.01
245.086667,-78.695833,6020,   Del1Aps,4.68,1.69
242.1925,44.935,6023, 11Phi Her,4.26,-0.07
243.369583,-54.630556,6024,   Kap Nor,4.94,1.04
242.99875,-19.460556,6027, 14Nu  Sco,4.01,0.04
243.075833,-27.926389,6028, 13    Sco,4.59,-0.16
243.859583,-63.685556,6030,   Del TrA,3.85,1.11
243.0,-10.064167,6031, 15Psi Sco,4.94,0.09
243.58625,-3.694444,6056,  1Del Oph,2.74,1.58
244.25375,-50.068333,6058,   Gam1Nor,4.99,0.8
244.574583,-28.613889,6070,HR6070,4.78,0.02
244.96,-50.155556,6072,   Gam2Nor,4.02,1.08
244.580417,-4.6925,6075,  2Eps Oph,3.24,0.96
245.159167,-24.169444,6081, 19Omi Sco,4.55,0.84
245.297083,-25.592778,6084, 20Sig Sco,2.89,0.13
244.935,46.313333,6092, 22Tau Her,3.89,-0.15
245.518333,1.029167,6093, 50Sig Ser,4.82,0.34
245.48,19.153056,6095, 20Gam Her,3.75,0.27
247.117083,-70.084444,6098,   Zet TrA,4.91,0.55
248.3625,-78.897222,6102,   Gam Aps,3.89,0.91
245.524167,30.891944,6103, 19Xi  CrB,4.85,0.97
246.025833,-20.0375,6104,  4Psi Oph,4.5,1.01
246.79625,-47.555,6115,   Eps Nor,4.47,-0.07
244.37625,75.755278,6116, 21Eta UMi,4.95,0.37
246.354167,14.033333,6117, 24Ome Her,4.57,0.0
246.755833,-18.456389,6118,  7Chi Oph,4.42,0.28
246.950417,-8.371667,6129,  3Ups Oph,4.63,0.17
245.997917,61.514167,6132, 14Eta Dra,2.74,0.91
247.351667,-26.431944,6134, 21Alp Sco,0.96,1.83
247.551667,-25.115,6141, 22    Sco,4.79,-0.11
247.845417,-34.704444,6143,HR6143,4.23,-0.16
247.784583,-16.612778,6147,  8Phi Oph,4.28,0.92
247.555,21.489722,6148, 27Bet Her,2.77,0.94
247.728333,1.983889,6149, 10Lam Oph,3.82,0.01
248.034167,-21.466389,6153,  9Ome Oph,4.45,0.13
248.520833,-44.045278,6155,   Mu  Nor,4.94,0.05
248.15125,11.488056,6159, 29    Her,4.84,1.49
246.995833,68.768056,6161, 15    Dra,5.0,-0.06
250.769167,-77.5175,6163,   Bet Aps,4.24,1.06
248.970833,-28.216111,6165, 23Tau Sco,2.82,-0.25
249.09375,-35.255556,6166,HR6166,4.16,1.57
248.525833,42.436944,6168, 35Sig Her,4.2,-0.01
249.289583,-10.567222,6175, 13Zet Oph,2.56,0.02
250.393333,-17.742222,6196,HR6196,4.96,1.11
249.687083,48.928333,6200, 42    Her,4.9,1.55
250.321667,31.603056,6212, 40Zet Her,2.81,0.65
252.16625,-69.027778,6217,   Alp TrA,1.92,1.44
250.724167,38.922222,6220, 44Eta Her,3.53,0.92
250.229583,64.589167,6223, 18    Dra,4.83,1.22
252.44625,-59.041389,6229,   Eta Ara,3.76,1.57
251.324167,56.781944,6237,HR6237,4.85,0.38
252.540833,-34.293333,6241, 26Eps Sco,2.29,1.15
252.458333,-10.783056,6243, 20    Oph,4.65,0.47
252.9675,-38.0475,6247,   Mu 1Sco,3.08,-0.2
253.08375,-38.0175,6252,   Mu 2Sco,3.57,-0.21
252.309167,45.983333,6254, 52    Her,4.82,0.09
253.49875,-42.362222,6262,   Zet1Sco,4.73,0.49
253.645833,-42.361389,6271,   Zet2Sco,3.62,1.37
253.502083,10.165278,6281, 25Iot Oph,4.38,-0.08
254.655,-55.990278,6285,   Zet Ara,3.13,1.6
254.89625,-53.160556,6295,   Eps1Ara,4.06,1.45
254.417083,9.375,6299, 27Kap Oph,3.2,1.15
254.007083,65.134722,6315, 19    Dra,4.89,0.48
255.265,-4.2225,6318, 30    Oph,4.82,1.48
251.492083,82.037222,6322, 22Eps UMi,4.23,0.89
255.0725,30.926389,6324, 58Eps Her,3.92,-0.01
256.205833,-34.122778,6334,HR6334,4.87,0.26
255.7825,14.091944,6337,HR6337,4.98,1.6
256.344583,12.740833,6355, 60    Her,4.91,0.12
257.594583,-15.724722,6378, 35Eta Oph,2.43,0.06
258.038333,-43.239167,6380,   Eta Sco,3.33,0.41
257.196667,65.714722,6396, 22Zet Dra,3.17,-0.12
258.662083,14.390278,6406, 64Alp1Her,3.48,1.44
258.757917,24.839167,6410, 65Del Her,3.14,0.08
259.152917,-0.445278,6415, 41    Oph,4.73,1.14
260.4975,-67.770556,6417,   Zet Aps,4.78,1.21
258.761667,36.809167,6418, 67Pi  Her,3.16,1.44
259.33125,33.1,6431, 68    Her,4.82,-0.17
259.417917,37.291667,6436, 69    Her,4.65,0.05
260.250833,-21.112778,6445, 40Xi  Oph,4.39,0.39
260.207083,-12.846944,6446, 53Nu  Ser,4.33,0.03
260.07875,18.057222,6452,HR6452,5.0,1.62
260.5025,-24.999444,6453, 42The Oph,3.27,-0.22
261.325,-55.53,6461,   Bet Ara,2.85,1.46
261.348333,-56.3775,6462,   Gam Ara,3.34,-0.13
260.920833,37.145833,6485, 75Rho Her,4.52,-0.03
261.5925,-24.175278,6486, 44    Oph,4.17,0.28
261.83875,-29.866944,6492, 45    Oph,4.29,0.4
261.657917,-5.086667,6493,HR6493,4.54,0.39
261.62875,4.140278,6498, 49Sig Oph,4.34,1.5
262.774583,-60.683889,6500,   Del Ara,3.62,-0.1
262.690833,-37.295833,6508, 34Ups Sco,2.69,-0.22
262.960417,-49.876111,6510,   Alp Ara,2.95,-0.17
262.854167,-23.962778,6519, 51    Oph,4.81,0.0
262.684583,26.110556,6526, 76Lam Her,4.41,1.44
263.402083,-37.103889,6527, 35Lam Sco,1.63,-0.22
262.608333,52.301389,6536, 23Bet Dra,2.79,0.98
263.915,-46.505556,6537,  1Sig Ara,4.59,-0.03
264.136667,-38.635278,6546,HR6546,4.29,1.09
264.33,-42.997778,6553,   The Sco,1.87,0.4
263.044167,55.184167,6554, 24Nu 1Dra,4.88,0.26
263.066667,55.173056,6555, 25Nu 2Dra,4.87,0.28
263.73375,12.56,6556, 55Alp Oph,2.08,0.15
264.396667,-15.398611,6561, 55Xi  Ser,3.54,0.26
264.46125,-8.118889,6567, 57Mu  Oph,4.62,0.11
265.098333,-49.415556,6569,   Lam Ara,4.77,0.4
265.622083,-39.03,6580,   Kap Sco,2.41,-0.22
265.35375,-12.875278,6581, 56Omi Ser,4.26,0.08
266.433333,-64.723889,6582,   Eta Pav,3.62,1.19
264.86625,46.006389,6588, 85Iot Her,3.8,-0.18
265.8575,-21.683333,6595, 58    Oph,4.87,0.47
264.237917,68.758056,6596, 28Ome Dra,4.8,0.43
265.868333,4.567222,6603, 60Bet Oph,2.77,1.16
266.89625,-40.126944,6615,   Iot1Sco,3.03,0.51
266.89,-27.830833,6616,  3    Sgr,4.54,0.8
266.614583,27.720556,6623, 86Mu  Her,3.42,0.75
267.29375,-31.703333,6628,HR6628,4.83,-0.04
266.973333,2.707222,6629, 62Gam Oph,3.75,0.04
267.464583,-37.043333,6630,HR6630,3.21,1.17
267.546667,-40.090556,6631,   Iot2Sco,4.81,0.26
265.484583,72.148889,6636, 31Psi1Dra,4.58,0.42
269.1975,-44.342222,6675,HR6675,4.86,1.21
269.44875,-41.716111,6682,HR6682,4.88,1.65
268.382083,56.872778,6688, 32Xi  Dra,3.75,1.18
269.063333,37.250556,6695, 91The Her,3.86,1.35
269.756667,-9.773611,6698, 64Nu  Oph,3.34,0.99
269.948333,-23.816111,6700,  4    Sgr,4.76,-0.04
269.44125,29.247778,6703, 92Xi  Her,3.7,0.94
269.151667,51.488889,6705, 33Gam Dra,2.23,1.52
269.625833,30.189444,6707, 94Nu  Her,4.41,0.39
270.120833,-3.690278,6710, 57Zet Ser,4.62,0.38
270.065833,4.368611,6712, 66    Oph,4.64,-0.03
270.014167,16.750833,6713, 93    Her,4.67,1.26
270.16125,2.931667,6714, 67    Oph,3.97,0.02
270.438333,1.305278,6723, 68    Oph,4.45,0.02
270.376667,21.595556,6730, 95    Her,4.96,0.12
271.255417,-29.58,6742,   Gam1Sgr,4.69,0.78
271.657917,-50.091667,6743,   The Ara,3.66,-0.08
272.145,-63.668333,6745,   Pi  Pav,4.35,0.22
271.452083,-30.424167,6746, 10Gam2Sgr,2.99,1.0
271.36375,2.499444,6752, 70    Oph,4.03,0.86
272.020833,-28.457222,6766,HR6766,4.57,0.94
271.826667,8.733889,6770, 71    Oph,4.64,0.96
271.8375,9.563889,6771, 72    Oph,3.73,0.12
271.885833,28.7625,6779,103Omi Her,3.83,-0.03
272.8075,-45.954444,6783,   Eps Tel,4.53,1.01
272.189583,20.814444,6787,102    Her,4.36,-0.16
263.05375,86.586389,6789, 23Del UMi,4.36,0.02
271.87,43.461667,6791,HR6791,5.0,0.91
272.930833,-23.701111,6801, 11    Sgr,4.98,1.05
273.440833,-21.058889,6812, 13Mu  Sgr,3.86,0.23
272.975833,31.405278,6815,104    Her,4.97,1.65
274.406667,-36.761667,6832,   Eta Sgr,3.11,1.56
274.513333,-27.0425,6842,HR6842,4.65,1.66
275.806667,-61.493889,6855,   Xi  Pav,4.36,1.48
275.24875,-29.828056,6859, 19Del Sgr,2.7,1.38
275.217083,3.377222,6866, 74    Oph,4.86,0.91
275.074583,21.961389,6868,106    Her,4.95,1.59
275.3275,-2.898889,6869, 58Eta Ser,3.26,0.94
274.965417,36.064444,6872,  1Kap Lyr,4.33,1.17
276.042917,-34.384722,6879, 20Eps Sgr,1.85,-0.03
275.914583,-8.934167,6884,   Zet Sct,4.68,0.95
275.924583,21.769722,6895,109    Her,3.84,1.18
276.3375,-20.541667,6896, 21    Sgr,4.81,1.31
276.743333,-45.968333,6897,   Alp Tel,3.51,-0.17
277.207917,-49.070833,6905,   Zet Tel,4.13,1.02
276.9925,-25.421667,6913, 22Lam Sgr,2.81,1.04
277.843333,-62.278333,6916,   Nu  Pav,4.64,-0.11
275.189583,71.337778,6920, 43Phi Dra,4.22,-0.1
275.977083,58.800556,6923, 39    Dra,4.98,0.08
275.264167,72.732778,6927, 44Chi Dra,3.57,0.49
277.299583,-14.565833,6930,   Gam Sct,4.7,0.06
277.939167,-45.915,6934,   Del1Tel,4.96,-0.11
276.49625,65.563611,6945, 42    Dra,4.82,1.19
278.375833,-42.3125,6951,   The CrA,4.64,1.01
278.801667,-8.244167,6973,   Alp Sct,3.85,1.33
278.14375,57.045556,6978, 45    Dra,4.77,0.61
280.75875,-71.428056,6982,   Zet Pav,4.01,1.14
279.234583,38.783611,7001,  3Alp Lyr,0.03,0.0
281.362083,-64.871389,7012,HR7012,4.79,0.2
280.568333,-9.0525,7020,   Del Sct,4.72,0.35
281.080833,-35.641944,7029,HR7029,4.87,-0.18
280.880417,-8.275278,7032,   Eps Sct,4.9,1.12
281.414167,-26.990833,7039, 27Phi Sgr,3.17,-0.11
281.193333,37.605,7056,  6Zet1Lyr,4.36,0.19
281.415417,20.546389,7061,110    Her,4.19,0.46
281.79375,-4.747778,7063,   Bet Sct,4.22,1.1
281.51875,26.662222,7064,HR7064,4.83,1.2
281.755417,18.181389,7069,111    Her,4.36,0.13
283.054167,-62.1875,7074,   Lam Pav,4.22,-0.14
282.52,33.362778,7106, 10Bet Lyr,3.45,0.0
284.2375,-67.233611,7107,   Kap Pav,4.44,0.71
283.5425,-22.745,7116, 32Nu 1Sgr,4.83,1.41
283.779583,-22.671389,7120, 35Nu 2Sgr,4.99,1.33
283.81625,-26.296667,7121, 34Sig Sgr,2.02,-0.22
282.800417,59.388333,7125, 47Omi Dra,4.66,1.19
283.687083,22.645,7133,113    Her,4.59,0.78
284.615417,-52.938611,7134,   Lam Tel,4.87,-0.05
283.306667,50.708333,7137,HR7137,4.92,0.9
283.625833,36.898889,7139, 12Del2Lyr,4.3,1.68
284.055,4.203611,7141, 63The1Ser,4.62,0.17
284.060833,4.201944,7142, 63The2Ser,4.98,0.2
284.265417,-5.846111,7149,   Eta Sct,4.83,1.08
284.4325,-21.106667,7150, 37Xi 2Sgr,3.51,1.18
284.680833,-37.1075,7152,   Eps CrA,4.87,0.41
283.83375,43.946111,7157, 13    Lyr,4.04,1.59
284.905833,15.068333,7176, 13Eps Aql,4.02,1.08
284.735833,32.689444,7178, 14Gam Lyr,3.24,-0.05
283.599583,71.297222,7180, 52Ups Dra,4.82,1.15
285.77875,-42.095278,7188,   Zet CrA,4.75,-0.02
285.00375,32.145556,7192, 15Lam Lyr,4.93,1.47
285.42,-5.738889,7193, 12    Aql,4.02,1.09
285.652917,-29.880278,7194, 38Zet Sgr,2.6,0.08
286.170833,-21.741667,7217, 39Omi Sgr,3.77,1.01
286.604583,-37.063333,7226,   Gam CrA,4.93,0.52
286.604583,-37.063333,7227,   Gam CrA,4.99,0.52
286.735,-27.670556,7234, 40Tau Sgr,3.32,1.19
286.3525,13.863333,7235, 17Zet Aql,2.99,0.01
286.562083,-4.8825,7236, 16Lam Aql,3.44,-0.09
287.087083,-40.496667,7242,   Del CrA,4.59,1.09
287.367917,-37.904444,7254,   Alp CrA,4.11,0.04
287.507083,-39.340833,7259,   Bet CrA,4.11,1.2
287.440833,-21.023611,7264, 41Pi  Sgr,2.89,0.35
288.885,-25.256667,7292, 42Psi Sgr,4.85,0.56
288.439583,39.146111,7298, 20Eta Lyr,4.39,-0.15
289.40875,-18.953056,7304, 43    Sgr,4.96,1.02
289.054167,21.390278,7306,  1    Vul,4.77,-0.05
288.48,57.705,7309, 54    Dra,4.99,1.16
288.13875,67.661667,7310, 57Del Dra,3.07,1.0
289.092083,38.133611,7314, 21The Lyr,4.36,1.26
289.275833,53.368611,7328,  1Kap Cyg,3.77,0.96
290.659583,-44.458889,7337,   Bet1Sgr,4.01,-0.1
290.418333,-17.847222,7340, 44Rho1Sgr,3.93,0.22
290.431667,-15.955,7342, 46Ups Sgr,4.61,0.1
290.805,-44.799722,7343,   Bet2Sgr,4.29,0.34
290.971667,-40.616111,7348,   Alp Sgr,3.97,-0.1
288.8875,73.355556,7352, 60Tau Dra,4.45,1.25
290.167083,65.714722,7371, 58Pi  Dra,4.59,0.02
291.031667,29.621389,7372,  2    Cyg,4.97,-0.1
291.374583,3.114722,7377, 30Del Aql,3.36,0.32
291.629583,0.338611,7387, 32Nu  Aql,4.66,0.6
292.17625,24.665,7405,  6Alp Vul,4.44,1.5
292.680417,27.959722,7417,  6Bet1Cyg,3.08,1.13
292.42625,51.729722,7420, 10Iot2Cyg,3.79,0.14
293.804167,-48.099167,7424,   Iot Tel,4.9,1.09
292.942917,34.453056,7426,  8    Cyg,4.74,-0.14
293.5225,7.378889,7429, 38Mu  Aql,4.45,1.17
293.645417,19.773333,7437,  9    Vul,5.0,-0.09
294.176667,-24.883611,7440, 52    Sgr,4.6,-0.07
294.222917,-7.0275,7446, 39Kap Aql,4.95,0.0
294.180417,-1.286389,7447, 41Iot Aql,4.36,-0.08
293.09,69.661111,7462, 61Sig Dra,4.68,0.79
294.110417,50.221111,7469, 13The Cyg,4.48,0.38
294.844167,30.153333,7478, 12Phi Cyg,4.69,0.97
295.024167,18.013889,7479,  5Alp Sge,4.37,0.78
295.262083,17.476111,7488,  6Bet Sge,4.37,1.05
296.590417,-19.761111,7515, 56    Sgr,4.86,0.93
296.069167,37.354444,7517, 15    Cyg,4.89,0.95
296.565,10.613333,7525, 50Gam Aql,2.72,1.52
296.24375,45.130833,7528, 18Del Cyg,2.87,-0.03
296.606667,33.727778,7534, 17    Cyg,4.99,0.47
296.847083,18.534167,7536,  7Del Sge,3.82,1.41
297.244583,19.142222,7546,  8Zet Sge,5.0,0.1
297.695833,8.868333,7557, 53Alp Aql,0.77,0.22
297.64125,32.914167,7564,   Chi Cyg,4.23,1.82
297.767083,22.61,7565, 12    Vul,4.95,-0.14
298.118333,1.005556,7570, 55Eta Aql,3.9,0.89
298.815417,-41.868333,7581,   Iot Sgr,4.13,1.08
297.043333,70.267778,7582, 63Eps Dra,3.83,0.89
300.147917,-72.910556,7590,   Eps Pav,3.96,-0.03
298.365417,24.079722,7592, 13    Vul,4.58,-0.06
298.562083,8.461389,7595, 59Xi  Aql,4.71,1.05
298.96,-26.299444,7597, 58Ome Sgr,4.7,0.75
298.828333,6.406667,7602, 60Bet Aql,3.71,0.86
299.236667,-27.17,7604, 59    Sgr,4.52,1.46
298.965417,38.486667,7613, 22    Cyg,4.94,-0.08
299.076667,35.083333,7615, 21Eta Cyg,3.89,1.02
299.738333,-26.195556,7618, 60    Sgr,4.83,0.9
298.9075,52.438889,7619, 24Psi Cyg,4.92,0.12
299.934167,-35.276389,7623,   The1Sgr,4.37,-0.15
298.980833,58.846111,7633,HR7633,4.96,1.59
299.689167,19.492222,7635, 12Gam Sge,3.47,1.57
300.664583,-27.709722,7650, 62    Sgr,4.58,1.65
300.889583,-37.940833,7652,HR7652,4.77,1.41
300.275417,27.753611,7653, 15    Vul,4.64,0.18
301.081667,-32.056389,7659,HR7659,4.99,1.21
302.181667,-66.181944,7665,   Del Pav,3.56,0.76
301.846667,-52.880833,7673,   Xi  Tel,4.94,1.62
300.704583,67.873611,7685, 67Rho Dra,4.51,1.32
302.356667,36.839722,7708, 28    Cyg,4.93,-0.13
302.82625,-0.821389,7710, 65The Aql,3.23,-0.07
303.569167,15.1975,7724, 67Rho Aql,4.95,0.08
303.325,46.815833,7730, 30    Cyg,4.83,0.09
303.407917,46.741389,7735, 31    Cyg,3.79,1.28
303.633333,36.806389,7736, 29    Cyg,4.97,0.14
303.81625,25.591944,7739,HR7739,4.78,-0.18
303.349583,56.567778,7740, 33    Cyg,4.3,0.11
303.942083,27.814167,7744, 23    Vul,4.52,1.26
304.412083,-12.508333,7747,  5Alp1Cap,4.24,1.07
302.222083,77.711389,7750,  1Kap Cep,4.39,-0.05
303.867917,47.714444,7751, 32    Cyg,3.98,1.52
304.51375,-12.544722,7754,  6Alp2Cap,3.57,0.94
304.446667,38.033056,7763, 34    Cyg,4.81,0.42
305.165833,-12.759167,7773,  8Nu  Cap,4.76,-0.05
305.252917,-14.781389,7776,  9Bet Cap,3.08,0.79
306.412083,-56.735,7790,   Alp Pav,1.94,-0.2
305.557083,40.256667,7796, 37Gam Cyg,2.2,0.68
305.965417,32.19,7806, 39    Cyg,4.43,1.33
307.215,-17.813611,7822, 11Rho Cap,4.78,0.38
307.4125,-2.885556,7831, 69    Aql,4.91,1.15
307.34875,30.368611,7834, 41    Cyg,4.01,0.4
307.514583,48.951667,7844, 45Ome1Cyg,4.95,-0.09
308.895,-60.581667,7848,   Phi1Pav,4.76,0.28
307.395417,62.994167,7850,  2The Cep,4.22,0.2
308.303333,11.303333,7852,  2Eps Del,4.03,-0.13
309.397083,-61.53,7859,   Rho Pav,4.88,0.43
308.475833,35.250833,7866, 47    Cyg,4.61,1.6
309.391667,-47.291389,7869,   Alp Ind,3.11,1.0
308.827083,14.674167,7871,  4Zet Del,4.68,0.11
309.181667,-2.55,7873, 70    Aql,4.89,1.6
309.3875,14.595278,7882,  6Bet Del,3.63,0.44
309.584583,-1.105278,7884, 71    Aql,4.32,0.95
309.630417,21.201111,7891, 29    Vul,4.82,-0.02
309.909583,15.911944,7906,  9Alp Del,3.77,-0.06
311.239583,-66.203056,7913,   Bet Pav,3.42,0.16
311.009583,-51.921111,7920,   Eta Ind,4.51,0.27
310.357917,45.280278,7924, 50Alp Cyg,1.25,0.09
310.864583,15.074444,7928, 11Del Del,4.43,0.32
311.52375,-25.270833,7936, 16Psi Cap,4.14,0.43
311.21875,25.270556,7939, 30    Vul,4.91,1.18
311.415417,30.719722,7942, 52    Cyg,4.22,1.05
311.664583,16.124167,7948, 12Gam2Del,4.27,1.04
311.552917,33.970278,7949, 53Eps Cyg,2.46,1.03
311.919167,-9.495833,7950,  2Eps Aqr,3.77,0.0
311.934167,-5.027778,7951,  3    Aqr,4.42,1.65
312.370833,-46.226944,7952,   Zet Ind,4.89,1.52
311.337917,57.579722,7955,HR7955,4.51,0.54
311.795,34.374167,7956,HR7956,4.92,1.32
311.3225,61.838889,7957,  3Eta Cep,3.43,0.92
311.852083,36.490833,7963, 54Lam Cyg,4.53,-0.11
312.492083,-33.779722,7965,   Alp Mic,4.9,1.0
312.234583,46.114167,7977, 55    Cyg,4.84,0.41
312.955417,-26.919167,7980, 18Ome Cap,4.11,1.64
313.7025,-58.454167,7986,   Bet Ind,3.65,1.25
313.163333,-8.983333,7990,  6Mu  Aqr,4.73,0.32
313.032083,27.096944,7995, 31    Vul,4.59,0.83
313.311667,44.387222,8001, 57    Cyg,4.78,-0.14
314.293333,41.167222,8028, 58Nu  Cyg,3.94,0.02
315.322917,-32.257778,8039,   Gam Mic,4.67,0.89
314.956667,47.521111,8047, 59    Cyg,4.74,-0.05
316.10125,-19.855,8060, 22Eta Cap,4.84,0.17
316.486667,-17.232778,8075, 23The Cap,4.07,-0.01
316.232917,43.927778,8079, 62Xi  Cyg,3.72,1.65
316.782083,-25.005833,8080, 24    Cap,4.5,1.61
316.650417,47.648333,8089, 63    Cyg,4.55,1.57
317.39875,-11.371667,8093, 13Nu  Aqr,4.51,0.94
317.585417,10.131667,8097,  5Gam Equ,4.69,0.26
318.234167,30.226944,8115, 64Zet Cyg,3.2,0.99
318.620417,10.006944,8123,  7Del Equ,4.49,0.5
318.697917,38.045556,8130, 65Tau Cyg,3.72,0.39
318.955833,5.247778,8131,  8Alp Equ,3.92,0.53
319.484583,-32.1725,8135,   Eps Mic,4.71,0.06
319.966667,-53.449722,8140,   The Ind,4.39,0.19
319.354167,39.394722,8143, 67Sig Cyg,4.23,0.12
319.479583,34.896944,8146, 66Ups Cyg,4.43,-0.11
320.19,-40.809722,8151,   The1Mic,4.82,0.02
319.613333,43.945833,8154, 68    Cyg,5.0,-0.01
319.645,62.585556,8162,  5Alp Cep,2.44,0.22
320.561667,-16.834444,8167, 32Iot Cap,4.28,0.9
320.521667,19.804444,8173,  1    Peg,4.08,1.11
321.610833,-65.366111,8181,   Gam Pav,4.22,0.49
321.666667,-22.411389,8204, 34Zet Cap,3.74,1.0
322.180833,-21.807222,8213, 36    Cap,4.51,0.91
322.487083,23.638889,8225,  2    Peg,4.57,1.62
322.889583,-5.571111,8232, 22Bet Aqr,2.91,0.83
322.165,70.560833,8238,  8Bet Cep,3.23,-0.22
323.495417,45.591944,8252, 73Rho Cyg,4.02,0.89
325.36875,-77.39,8254,   Nu  Oct,3.76,1.0
323.694167,38.534167,8255, 72    Cyg,4.9,1.08
324.27,-19.466111,8260, 39Eps Cap,4.68,-0.17
324.437917,-7.854167,8264, 23Xi  Aqr,4.69,0.17
325.022917,-16.662222,8278, 40Gam Cap,3.68,0.32
324.48,62.081944,8279,  9    Cep,4.73,0.3
325.664583,-18.866389,8288, 43Kap Cap,4.73,0.88
325.52375,51.189722,8301, 80Pi 1Cyg,4.67,-0.12
326.236667,-33.025833,8305,  9Iot PsA,4.34,-0.05
326.046667,9.875,8308,  8Eps Peg,2.39,1.53
326.035833,28.742778,8309, 78Mu 1Cyg,4.73,0.48
326.127917,17.35,8313,  9    Peg,4.34,1.17
326.16125,25.645,8315, 10Kap Peg,4.13,0.43
325.876667,58.78,8316,   Mu  Cep,4.08,2.35
325.480417,71.311389,8317, 11    Cep,4.56,1.1
326.76,-16.127222,8322, 49Del Cap,2.87,0.29
326.362083,61.120833,8334, 10Nu  Cep,4.29,0.52
326.698333,49.309444,8335, 81Pi 2Cyg,4.23,-0.12
328.482083,-37.365,8353,   Gam Gru,3.01,-0.12
329.479583,-54.9925,8368,   Del Ind,4.4,0.28
329.162917,63.625556,8383,HR8383,4.91,1.77
330.84,-56.786111,8387,   Eps Ind,4.69,1.06
330.82875,-2.155278,8402, 31Omi Aqr,4.69,-0.06
331.52875,-39.543333,8411,   Lam Gru,4.46,1.37
331.42,5.058611,8413, 22Nu  Peg,4.84,1.44
331.445833,-0.319722,8414, 34Alp Aqr,2.96,0.98
330.9475,64.627778,8417, 17Xi  Cep,4.29,0.34
331.609167,-13.869722,8418, 33Iot Aqr,4.27,-0.07
332.058333,-46.961111,8425,   Alp Gru,1.74,-0.13
331.752917,25.345,8430, 24Iot Peg,3.76,0.44
332.095833,-32.988611,8431, 14Mu  PsA,4.5,0.05
332.108333,-34.043889,8433,   Ups PsA,4.99,1.48
332.536667,-32.548333,8447, 15Tau PsA,4.92,0.48
332.55,6.197778,8450, 26The Peg,3.53,0.08
332.496667,33.178333,8454, 29Pi 2Peg,4.29,0.46
332.71375,58.201111,8465, 21Zet Cep,3.35,1.57
332.451667,72.341111,8468, 24    Cep,4.79,0.92
333.469583,39.715,8485,HR8485,4.49,1.39
333.90375,-41.346667,8486,   Mu 1Gru,4.79,0.8
333.758333,57.043611,8494, 23Eps Cep,4.19,0.28
333.9925,37.748889,8498,  1    Lac,4.13,1.46
334.208333,-7.783333,8499, 43The Aqr,4.16,0.98
334.625417,-60.259722,8502,   Alp Tuc,2.86,1.39
335.414167,-1.387222,8518, 48Gam Aqr,3.84,-0.05
335.330417,28.330556,8522, 32    Peg,4.81,0.0
335.256667,46.536667,8523,  2    Lac,4.57,-0.1
335.89,52.229167,8538,  3Bet Lac,4.43,1.02
336.319167,1.3775,8539, 52Pi  Aqr,4.66,-0.03
336.833333,-64.966389,8540,   Del Tuc,4.48,-0.03
336.129167,49.476389,8541,  4    Lac,4.57,0.09
336.964583,4.695556,8551, 35    Peg,4.79,1.05
337.3175,-43.495556,8556,   Del1Gru,3.97,1.03
337.207083,-0.020278,8558, 55Zet1Aqr,4.59,
337.20875,-0.02,8559, 55Zet2Aqr,4.42,0.38
337.439583,-43.749444,8560,   Del2Gru,4.11,1.57
337.292917,58.415278,8571, 27Del Cep,3.75,0.6
337.3825,47.706944,8572,  5    Lac,4.36,1.68
337.661667,-10.678056,8573, 57Sig Aqr,4.82,-0.06
337.87625,-32.346111,8576, 17Bet PsA,4.29,0.01
337.622083,43.123333,8579,  6    Lac,4.51,-0.09
338.250417,-61.982222,8582,   Nu  Tuc,4.81,1.61
337.822917,50.2825,8585,  7Alp Lac,3.77,0.01
338.839167,-0.1175,8597, 62Eta Aqr,4.02,-0.09
339.343333,51.545278,8613,  9    Lac,4.63,0.24
339.815417,39.050278,8622, 10    Lac,4.88,-0.2
340.164167,-27.043611,8628, 18Eps PsA,4.17,-0.11
341.51375,-81.381667,8630,   Bet Oct,4.15,0.2
340.12875,44.276389,8632, 11    Lac,4.46,1.33
340.365417,10.831389,8634, 42Zet Peg,3.4,-0.09
340.667083,-46.884722,8636,   Bet Gru,2.1,1.6
340.439167,29.3075,8641, 43Omi Peg,4.79,-0.01
340.875,-41.414444,8644,   Rho Gru,4.85,1.03
340.897083,-18.830278,8649, 66    Aqr,4.69,1.37
340.750417,30.221389,8650, 44Eta Peg,2.94,0.86
341.407917,-53.500278,8655,   Eta Gru,4.85,1.18
341.673333,12.172778,8665, 46Xi  Peg,4.19,0.5
341.632917,23.565556,8667, 47Lam Peg,3.95,1.07
342.13875,-51.316944,8675,   Eps Gru,3.49,0.08
342.397917,-13.5925,8679, 71Tau2Aqr,4.01,1.57
342.500833,24.601667,8684, 48Mu  Peg,3.48,0.93
342.42,66.200556,8694, 32Iot Cep,3.52,1.05
343.131667,-32.875556,8695, 22Gam PsA,4.46,-0.04
343.15375,-7.579722,8698, 73Lam Aqr,3.74,1.64
343.008333,43.3125,8699, 15    Lac,4.94,1.56
341.870833,83.153889,8702,HR8702,4.74,1.26
343.6625,-15.820833,8709, 76Del Aqr,3.27,0.05
343.807083,8.815833,8717, 50Rho Peg,4.9,0.0
343.987083,-32.539722,8720, 23Del PsA,4.21,0.97
344.108333,49.733611,8726,HR8726,4.95,1.78
344.412917,-29.622222,8728, 24Alp PsA,1.16,0.09
345.22,-52.754167,8747,   Zet Gru,4.12,0.98
343.603333,84.346111,8748,HR8748,4.71,1.43
345.02125,56.945278,8752,HR8752,5.0,1.42
345.480417,42.326111,8762,  1Omi And,3.62,-0.09
345.969167,3.82,8773,  4Bet Psc,4.53,-0.12
345.94375,28.082778,8775, 53Bet Peg,2.42,1.67
346.045833,50.052222,8780,  3    And,4.65,1.06
346.190417,15.205278,8781, 54Alp Peg,2.49,-0.04
346.72,-43.520556,8787,   The Gru,4.28,0.42
346.670417,-23.743056,8789, 86    Aqr,4.47,0.9
346.75125,9.409444,8795, 55    Peg,4.52,1.57
346.778333,25.468333,8796, 56    Peg,4.76,1.34
346.65375,59.419722,8797,  1    Cas,4.85,-0.03
347.361667,-21.1725,8812, 88    Aqr,3.66,1.22
347.478333,-22.4575,8817, 89    Aqr,4.69,0.65
346.974583,75.3875,8819, 33Pi  Cep,4.41,0.8
347.59,-45.246667,8820,   Iot Gru,3.9,1.02
348.1375,49.406389,8830,  7    And,4.52,0.29
348.580833,-6.048889,8834, 90Phi Aqr,4.22,1.56
348.972917,-9.087778,8841, 91Psi1Aqr,4.21,1.11
349.3575,-58.235833,8848,   Gam Tuc,3.99,0.4
349.29125,3.282222,8852,  6Gam Psc,3.69,0.92
349.475833,-9.1825,8858, 93Psi2Aqr,4.39,-0.15
349.43625,49.015278,8860,  8    And,4.85,1.67
349.705833,-32.531944,8863,   Gam Scl,4.41,1.13
349.740417,-9.610833,8865, 95Psi3Aqr,4.98,-0.02
349.65625,68.111667,8872, 34Omi Cep,4.75,0.84
350.159167,23.740278,8880, 62Tau Peg,4.6,0.17
350.7425,-20.100556,8892, 98    Aqr,3.97,1.1
351.209583,62.282778,8904,  4    Cas,4.98,1.68
351.345,23.404167,8905, 68Ups Peg,4.4,0.61
351.511667,-20.641944,8906, 99    Aqr,4.39,1.47
351.733333,1.255556,8911,  8Kap Psc,4.94,0.03
351.992083,6.378889,8916, 10The Psc,4.28,1.07
352.28875,12.760556,8923, 70    Peg,4.55,0.94
352.508333,58.548889,8926,HR8926,4.91,-0.12
353.242917,-37.818333,8937,   Bet Scl,4.37,-0.09
353.319167,-20.914444,8939,101    Aqr,4.71,0.02
353.488333,31.325278,8943, 72    Peg,4.98,1.38
353.769167,-42.615,8949,   Iot Phe,4.71,0.08
354.4625,-45.4925,8959,HR8959,4.74,0.08
354.39125,46.458056,8961, 16Lam And,3.82,1.01
354.534167,43.268056,8965, 17Iot And,4.29,-0.1
354.94625,-14.221667,8968,102Ome1Aqr,5.0,0.24
354.9875,5.626389,8969, 17Iot Psc,4.13,0.51
354.836667,77.6325,8974, 35Gam Cep,3.21,1.03
355.102083,44.333889,8976, 19Kap And,4.14,-0.08
355.440833,-17.816389,8982,104    Aqr,4.82,0.82
355.511667,1.78,8984, 18Lam Psc,4.5,0.2
355.680417,-14.545,8988,105Ome2Aqr,4.49,-0.04
355.997917,29.361667,8997, 78    Peg,4.93,0.95
356.50875,46.420278,9003, 20Psi And,4.95,1.11
356.764583,58.651944,9008,  5Tau Cas,4.87,1.11
357.231667,-28.130278,9016,   Del Scl,4.57,0.01
358.595833,57.499444,9045,  7Rho Cas,4.54,1.22
359.396667,-64.298333,9062,   Eta Tuc,5.0,0.06
359.439583,25.141389,9064, 84Psi Peg,4.66,1.59
359.603333,51.388611,9066,HR9066,4.8,1.83
359.668333,-3.556111,9067, 27    Psc,4.86,0.93
359.752083,55.755,9071,  8Sig Cas,4.88,-0.07
359.827917,6.863333,9072, 28Ome Psc,4.01,0.42
359.979167,-65.577222,9076,   Eps Tuc,4.5,-0.08
0.39875,-77.065833,9084,   The Oct,4.78,1.27
0.49,-6.014167,9089, 30    Psc,4.41,1.63
0.935,-17.336111,9098,  2    Cet,4.55,-0.05
1.125417,-10.509444,9103,  3    Cet,4.94,1.63
